rank,Name,Location,Overall,Teaching,Rechearch,Citations,Industry_Income,Internationals_Outlook,n_students,student_staff_ratio,n_international_students,m_v_ratio,href,Times_Higher_Education_World_University_ID,item,GRID_ID,fuzz
1,California Institute of Technology,United States,94.9,94.4,98.2,99.8,91.2,65.8,94.9,94.4,98.2,99.8,/world-university-rankings/california-institute-technology,california-institute-technology,http://www.wikidata.org/entity/Q161562,grid.20861.3d,
2,Harvard University,United States,93.9,95.3,98.5,99.1,40.6,66.2,93.9,95.3,98.5,99.1,/world-university-rankings/harvard-university,harvard-university,http://www.wikidata.org/entity/Q13371,grid.38142.3c,
2,University of Oxford,United Kingdom,93.9,89.0,98.5,95.4,90.3,90.2,93.9,89.0,98.5,95.4,/world-university-rankings/university-oxford,university-oxford,http://www.wikidata.org/entity/Q34433,grid.4991.5,
4,Stanford University,United States,93.8,94.7,96.8,99.1,61.3,68.0,93.8,94.7,96.8,99.1,/world-university-rankings/stanford-university,stanford-university,http://www.wikidata.org/entity/Q41506,grid.168010.e,
5,Massachusetts Institute of Technology,United States,93.0,92.9,89.0,100.0,94.3,82.0,93.0,92.9,89.0,100.0,/world-university-rankings/massachusetts-institute-technology,massachusetts-institute-technology,http://www.wikidata.org/entity/Q49108,grid.116068.8,
6,Princeton University,United States,92.7,89.9,97.6,99.7,80.5,59.6,92.7,89.9,97.6,99.7,/world-university-rankings/princeton-university,princeton-university,http://www.wikidata.org/entity/Q21578,grid.16750.35,
7,University of Cambridge,United Kingdom,92.3,90.6,95.3,95.7,52.8,86.7,92.3,90.6,95.3,95.7,/world-university-rankings/university-cambridge,university-cambridge,http://www.wikidata.org/entity/Q35794,grid.5335.0,
8,"University of California, Berkeley",United States,89.8,83.2,97.5,99.3,59.5,57.3,89.8,83.2,97.5,99.3,/world-university-rankings/university-california-berkeley,university-california-berkeley,http://www.wikidata.org/entity/Q168756,grid.47840.3f,
9,University of Chicago,United States,87.8,85.6,88.2,98.0,-,58.6,87.8,85.6,88.2,98.0,/world-university-rankings/university-chicago,university-chicago,http://www.wikidata.org/entity/Q131252,grid.170205.1,
10,Imperial College London,United Kingdom,87.5,84.5,88.1,90.0,72.3,91.8,87.5,84.5,88.1,90.0,/world-university-rankings/imperial-college-london,imperial-college-london,http://www.wikidata.org/entity/Q189022,grid.7445.2,
11,Yale University,United States,87.4,89.5,90.5,93.5,38.7,57.6,87.4,89.5,90.5,93.5,/world-university-rankings/yale-university,yale-university,http://www.wikidata.org/entity/Q49112,grid.47100.32,
12,"University of California, Los Angeles",United States,86.3,84.8,91.0,95.6,-,46.4,86.3,84.8,91.0,95.6,/world-university-rankings/university-california-los-angeles,university-california-los-angeles,http://www.wikidata.org/entity/Q174710,grid.19006.3e,
13,Columbia University,United States,85.2,86.6,79.1,95.6,-,68.0,85.2,86.6,79.1,95.6,/world-university-rankings/columbia-university,columbia-university,http://www.wikidata.org/entity/Q49088,grid.21729.3f,
14,ETH Zurich,Switzerland,84.5,77.6,88.2,85.0,78.8,96.7,84.5,77.6,88.2,85.0,/world-university-rankings/eth-zurich,eth-zurich,,grid.5801.c,103.0
15,Johns Hopkins University,United States,83.7,75.7,85.1,95.0,100.0,59.3,83.7,75.7,85.1,95.0,/world-university-rankings/johns-hopkins-university,johns-hopkins-university,http://www.wikidata.org/entity/Q193727,grid.21107.35,
16,University of Pennsylvania,United States,81.0,79.8,81.2,95.0,45.2,40.6,81.0,79.8,81.2,95.0,/world-university-rankings/university-pennsylvania,university-pennsylvania,http://www.wikidata.org/entity/Q49117,grid.25879.31,
17,Duke University,United States,79.3,73.9,73.0,96.7,100.0,50.0,79.3,73.9,73.0,96.7,/world-university-rankings/duke-university,duke-university,http://www.wikidata.org/entity/Q168751,grid.26009.3d,
18,University of Michigan,United States,79.2,70.0,86.2,90.8,53.5,49.5,79.2,70.0,86.2,90.8,/world-university-rankings/university-michigan,university-michigan,http://www.wikidata.org/entity/Q230492,grid.214458.e,
19,Cornell University,United States,79.1,72.1,83.8,90.8,35.8,55.6,79.1,72.1,83.8,90.8,/world-university-rankings/cornell-university,cornell-university,http://www.wikidata.org/entity/Q49115,grid.5386.8,
20,University of Toronto,Canada,78.3,73.6,81.5,84.5,45.8,70.0,78.3,73.6,81.5,84.5,/world-university-rankings/university-toronto,university-toronto,http://www.wikidata.org/entity/Q180865,grid.17063.33,
21,UCL,United Kingdom,77.6,70.5,77.5,84.1,46.8,90.2,77.6,70.5,77.5,84.1,/world-university-rankings/ucl,ucl,http://www.wikidata.org/entity/Q193196,grid.83440.3b,
22,Northwestern University,United States,77.1,70.2,76.0,97.1,61.9,34.4,77.1,70.2,76.0,97.1,/world-university-rankings/northwestern-university,northwestern-university,http://www.wikidata.org/entity/Q309350,grid.16753.36,
23,The University of Tokyo,Japan,76.4,84.7,88.0,69.8,56.7,29.6,76.4,84.7,88.0,69.8,/world-university-rankings/university-tokyo,university-tokyo,http://www.wikidata.org/entity/Q7842,grid.26999.3d,
24,Carnegie Mellon University,United States,76.0,63.1,77.4,93.9,52.5,58.1,76.0,63.1,77.4,93.9,/world-university-rankings/carnegie-mellon-university,carnegie-mellon-university,http://www.wikidata.org/entity/Q190080,grid.147455.6,
25,University of Washington,United States,73.4,65.6,69.2,95.6,43.1,43.2,73.4,65.6,69.2,95.6,/world-university-rankings/university-washington,university-washington,http://www.wikidata.org/entity/Q219563,grid.34477.33,
26,National University of Singapore,Singapore,72.4,68.0,77.8,66.4,64.3,94.3,72.4,68.0,77.8,66.4,/world-university-rankings/national-university-singapore,national-university-singapore,http://www.wikidata.org/entity/Q738236,grid.4280.e,
27,University of Texas at Austin,United States,72.2,64.7,69.0,91.3,59.6,42.4,72.2,64.7,69.0,91.3,/world-university-rankings/university-texas-austin,university-texas-austin,http://www.wikidata.org/entity/Q49213,grid.89336.37,
28,Georgia Institute of Technology,United States,71.6,59.4,68.6,87.9,71.3,67.8,71.6,59.4,68.6,87.9,/world-university-rankings/georgia-institute-technology,georgia-institute-technology,http://www.wikidata.org/entity/Q864855,grid.213917.f,
29,University of Illinois at Urbana-Champaign,United States,71.4,66.0,78.9,79.4,-,41.1,71.4,66.0,78.9,79.4,/world-university-rankings/university-illinois-urbana-champaign,university-illinois-urbana-champaign,http://www.wikidata.org/entity/Q457281,grid.35403.31,
30,University of Wisconsin-Madison,United States,71.1,69.8,67.7,87.2,51.2,32.3,71.1,69.8,67.7,87.2,/world-university-rankings/university-wisconsin-madison,university-wisconsin-madison,http://www.wikidata.org/entity/Q838330,grid.14003.36,
31,University of British Columbia,Canada,70.8,59.9,67.9,83.7,43.1,84.2,70.8,59.9,67.9,83.7,/world-university-rankings/university-british-columbia,university-british-columbia,http://www.wikidata.org/entity/Q391028,grid.17091.3e,
32,London School of Economics and Political Science,United Kingdom,69.8,65.2,74.2,69.2,43.6,81.7,69.8,65.2,74.2,69.2,/world-university-rankings/london-school-economics-and-political-science,london-school-economics-and-political-science,http://www.wikidata.org/entity/Q174570,grid.13063.37,
33,"University of California, Santa Barbara",United States,68.4,47.8,58.2,99.4,86.7,61.8,68.4,47.8,58.2,99.4,/world-university-rankings/university-california-santa-barbara,university-california-santa-barbara,http://www.wikidata.org/entity/Q263064,grid.133342.4,
34,University of Melbourne,Australia,68.2,57.1,64.2,80.2,65.1,81.3,68.2,57.1,64.2,80.2,/world-university-rankings/university-melbourne,university-melbourne,http://www.wikidata.org/entity/Q319078,grid.1008.9,
35,McGill University,Canada,68.1,61.5,68.1,74.5,40.8,77.8,68.1,61.5,68.1,74.5,/world-university-rankings/mcgill-university,mcgill-university,http://www.wikidata.org/entity/Q201492,grid.14709.3b,
36,Karolinska Institute,Sweden,67.8,58.1,67.7,76.0,68.7,73.2,67.8,58.1,67.7,76.0,/world-university-rankings/karolinska-institute,karolinska-institute,http://www.wikidata.org/entity/Q219564,grid.4714.6,
37,École Polytechnique Fédérale de Lausanne,Switzerland,67.7,52.9,48.3,95.9,49.2,98.2,67.7,52.9,48.3,95.9,/world-university-rankings/ecole-polytechnique-federale-de-lausanne,ecole-polytechnique-federale-de-lausanne,http://www.wikidata.org/entity/Q262760,grid.5333.6,
38,King’s College London,United Kingdom,67.6,56.2,56.8,87.6,38.3,86.0,67.6,56.2,56.8,87.6,/world-university-rankings/kings-college-london,kings-college-london,http://www.wikidata.org/entity/Q245247,grid.13097.3c,
39,University of Edinburgh,United Kingdom,67.5,56.6,56.9,87.6,42.5,81.5,67.5,56.6,56.9,87.6,/world-university-rankings/university-edinburgh,university-edinburgh,http://www.wikidata.org/entity/Q160302,grid.4305.2,
40,New York University,United States,67.4,65.4,58.4,87.9,29.9,41.8,67.4,65.4,58.4,87.9,/world-university-rankings/new-york-university,new-york-university,http://www.wikidata.org/entity/Q49210,grid.137628.9,
40,"University of California, San Diego",United States,67.4,52.0,63.0,96.7,48.4,35.6,67.4,52.0,63.0,96.7,/world-university-rankings/university-california-san-diego,university-california-san-diego,http://www.wikidata.org/entity/Q622664,grid.266100.3,
42,Washington University in St Louis,United States,67.2,59.5,52.9,96.4,-,44.6,67.2,59.5,52.9,96.4,/world-university-rankings/washington-university-st-louis,washington-university-st-louis,http://www.wikidata.org/entity/Q777403,grid.4367.6,
43,University of Hong Kong,Hong Kong,65.3,61.6,69.9,61.5,56.9,80.3,65.3,61.6,69.9,61.5,/world-university-rankings/university-hong-kong,university-hong-kong,http://www.wikidata.org/entity/Q15568,grid.194645.b,
44,Seoul National University,South Korea,65.2,76.4,79.2,47.3,86.0,29.4,65.2,76.4,79.2,47.3,/world-university-rankings/seoul-national-university,seoul-national-university,http://www.wikidata.org/entity/Q39913,grid.31501.36,
45,Peking University,China,65.0,72.3,58.1,62.8,99.9,60.6,65.0,72.3,58.1,62.8,/world-university-rankings/peking-university,peking-university,http://www.wikidata.org/entity/Q16952,grid.11135.37,
46,University of Minnesota Twin Cities,United States,64.9,61.4,62.7,81.2,-,31.7,64.9,61.4,62.7,81.2,/world-university-rankings/university-minnesota-0,university-minnesota-0,http://www.wikidata.org/entity/Q238101,grid.17635.36,
47,University of North Carolina at Chapel Hill,United States,64.5,57.6,55.3,90.2,39.1,35.0,64.5,57.6,55.3,90.2,/world-university-rankings/university-north-carolina-chapel-hill,university-north-carolina-chapel-hill,http://www.wikidata.org/entity/Q192334,grid.10698.36,
48,Australian National University,Australia,64.4,51.8,65.1,71.2,44.8,91.4,64.4,51.8,65.1,71.2,/world-university-rankings/australian-national-university,australian-national-university,http://www.wikidata.org/entity/Q127990,grid.1001.0,
49,Pennsylvania State University,United States,64.2,55.3,65.9,79.4,60.0,33.7,64.2,55.3,65.9,79.4,/world-university-rankings/pennsylvania-state-university,pennsylvania-state-university,http://www.wikidata.org/entity/Q739627,grid.29857.31,
50,Boston University,United States,63.5,56.5,46.1,95.3,31.1,44.2,63.5,56.5,46.1,95.3,/world-university-rankings/boston-university,boston-university,http://www.wikidata.org/entity/Q49110,grid.189504.1,
50,Tsinghua University,China,63.5,66.8,65.9,59.9,99.9,42.6,63.5,66.8,65.9,59.9,/world-university-rankings/tsinghua-university,tsinghua-university,http://www.wikidata.org/entity/Q16955,grid.12527.33,
52,Brown University,United States,63.2,55.4,52.0,91.3,33.5,37.7,63.2,55.4,52.0,91.3,/world-university-rankings/brown-university,brown-university,http://www.wikidata.org/entity/Q49114,grid.40263.33,
52,Kyoto University,Japan,63.2,69.5,69.5,58.2,78.7,27.5,63.2,69.5,69.5,58.2,/world-university-rankings/kyoto-university,kyoto-university,http://www.wikidata.org/entity/Q336264,grid.258799.8,
52,"University of California, Davis",United States,63.2,55.5,56.4,81.2,51.3,53.7,63.2,55.5,56.4,81.2,/world-university-rankings/university-california-davis,university-california-davis,http://www.wikidata.org/entity/Q129421,grid.27860.3b,
55,LMU Munich,Germany,63.1,55.4,54.1,83.3,41.4,56.3,63.1,55.4,54.1,83.3,/world-university-rankings/lmu-munich,lmu-munich,http://www.wikidata.org/entity/Q55044,grid.5252.0,
56,Korea Advanced Institute of Science and Technology (KAIST),South Korea,62.9,65.6,60.0,67.0,100.0,34.3,62.9,65.6,60.0,67.0,/world-university-rankings/korea-advanced-institute-science-and-technology-kaist,korea-advanced-institute-science-and-technology-kaist,http://www.wikidata.org/entity/Q39949,grid.37172.30,
57,Hong Kong University of Science and Technology,Hong Kong,62.5,52.4,59.7,72.3,58.5,77.0,62.5,52.4,59.7,72.3,/world-university-rankings/hong-kong-university-science-and-technology,hong-kong-university-science-and-technology,http://www.wikidata.org/entity/Q1333303,grid.24515.37,
58,University of Manchester,United Kingdom,62.3,54.5,52.2,77.3,40.8,80.9,62.3,54.5,52.2,77.3,/world-university-rankings/university-manchester,university-manchester,http://www.wikidata.org/entity/Q230899,grid.5379.8,
59,Ohio State University,United States,62.0,58.3,52.9,79.4,47.7,48.1,62.0,58.3,52.9,79.4,/world-university-rankings/ohio-state-university,ohio-state-university,http://www.wikidata.org/entity/Q309331,grid.261331.4,
60,Pohang University of Science and Technology (POSTECH),South Korea,61.7,54.2,49.0,85.7,100.0,33.8,61.7,54.2,49.0,85.7,/world-university-rankings/pohang-university-science-and-technology-postech,pohang-university-science-and-technology-postech,,grid.49100.3c,103.0
61,KU Leuven,Belgium,61.3,48.6,59.9,72.9,99.9,58.6,61.3,48.6,59.9,72.9,/world-university-rankings/ku-leuven,ku-leuven,http://www.wikidata.org/entity/Q833670,grid.5596.f,
62,Purdue University,United States,60.7,53.7,62.5,67.0,-,60.6,60.7,53.7,62.5,67.0,/world-university-rankings/purdue-university,purdue-university,http://www.wikidata.org/entity/Q217741,grid.169077.e,
63,University of Göttingen,Germany,59.9,45.1,48.8,89.6,41.2,51.5,59.9,45.1,48.8,89.6,/world-university-rankings/university-gottingen,university-gottingen,http://www.wikidata.org/entity/Q152838,grid.7450.6,
63,University of Queensland,Australia,59.9,43.4,58.0,73.3,61.0,79.7,59.9,43.4,58.0,73.3,/world-university-rankings/university-queensland,university-queensland,http://www.wikidata.org/entity/Q866012,grid.1003.2,
65,Rice University,United States,59.8,44.1,35.5,99.9,35.2,67.7,59.8,44.1,35.5,99.9,/world-university-rankings/rice-university,rice-university,http://www.wikidata.org/entity/Q842909,grid.21940.3e,
65,École Normale Supérieure,France,59.8,54.6,37.1,87.0,44.7,67.1,59.8,54.6,37.1,87.0,/world-university-rankings/ecole-normale-superieure,ecole-normale-superieure,,grid.5607.4,101.0
67,Leiden University,Netherlands,59.4,41.9,53.2,84.2,49.8,58.5,59.4,41.9,53.2,84.2,/world-university-rankings/leiden-university,leiden-university,http://www.wikidata.org/entity/Q156598,grid.5132.5,
68,Heidelberg University,Germany,59.2,57.8,44.8,76.0,42.1,61.3,59.2,57.8,44.8,76.0,/world-university-rankings/heidelberg-university-0,heidelberg-university-0,http://www.wikidata.org/entity/Q151510,grid.7700.0,
69,Delft University of Technology,Netherlands,59.1,55.8,67.3,47.2,100.0,74.2,59.1,55.8,67.3,47.2,/world-university-rankings/delft-university-technology,delft-university-technology,http://www.wikidata.org/entity/Q752663,grid.5292.c,
70,University of Southern California,United States,59.0,58.7,43.2,81.2,34.6,43.4,59.0,58.7,43.2,81.2,/world-university-rankings/university-southern-california,university-southern-california,http://www.wikidata.org/entity/Q4614,grid.42505.36,
70,École Polytechnique,France,59.0,46.3,40.5,82.3,74.0,86.1,59.0,46.3,40.5,82.3,/world-university-rankings/ecole-polytechnique,ecole-polytechnique,http://www.wikidata.org/entity/Q273626,grid.10877.39,
72,University of Sydney,Australia,58.8,47.4,55.4,66.6,66.3,84.8,58.8,47.4,55.4,66.6,/world-university-rankings/university-sydney,university-sydney,http://www.wikidata.org/entity/Q487556,grid.1013.3,
73,Erasmus University Rotterdam,Netherlands,58.1,37.8,53.3,81.2,56.0,66.6,58.1,37.8,53.3,81.2,/world-university-rankings/erasmus-university-rotterdam,erasmus-university-rotterdam,http://www.wikidata.org/entity/Q633529,grid.6906.9,
74,University of Basel,Switzerland,57.7,39.1,41.0,81.4,98.5,91.1,57.7,39.1,41.0,81.4,/world-university-rankings/university-basel,university-basel,http://www.wikidata.org/entity/Q372608,grid.6612.3,
74,Utrecht University,Netherlands,57.7,36.3,54.7,82.0,85.6,49.2,57.7,36.3,54.7,82.0,/world-university-rankings/utrecht-university,utrecht-university,http://www.wikidata.org/entity/Q221653,grid.5477.1,
76,"Nanyang Technological University, Singapore",Singapore,57.2,37.7,54.3,67.5,100.0,91.0,57.2,37.7,54.3,67.5,/world-university-rankings/nanyang-technological-university-singapore,nanyang-technological-university-singapore,http://www.wikidata.org/entity/Q721064,grid.59025.3b,
77,Wageningen University & Research,Netherlands,56.8,43.1,44.3,74.1,100.0,78.3,56.8,43.1,44.3,74.1,/world-university-rankings/wageningen-university-research,wageningen-university-research,http://www.wikidata.org/entity/Q422208,grid.4818.5,
78,University of Pittsburgh,United States,56.7,48.6,45.4,84.4,39.4,29.4,56.7,48.6,45.4,84.4,/world-university-rankings/university-pittsburgh,university-pittsburgh,http://www.wikidata.org/entity/Q235034,grid.21925.3d,
79,University of Bristol,United Kingdom,56.3,39.6,41.2,84.9,38.0,75.0,56.3,39.6,41.2,84.9,/world-university-rankings/university-bristol,university-bristol,http://www.wikidata.org/entity/Q459506,grid.5337.2,
80,Durham University,United Kingdom,56.1,38.3,38.3,88.2,35.3,76.8,56.1,38.3,38.3,88.2,/world-university-rankings/durham-university,durham-university,http://www.wikidata.org/entity/Q458393,grid.8250.f,
80,Emory University,United States,56.1,50.4,31.6,90.8,43.2,42.4,56.1,50.4,31.6,90.8,/world-university-rankings/emory-university,emory-university,http://www.wikidata.org/entity/Q621043,grid.189967.8,
80,Tufts University,United States,56.1,46.7,32.1,93.9,39.1,43.4,56.1,46.7,32.1,93.9,/world-university-rankings/tufts-university,tufts-university,http://www.wikidata.org/entity/Q49120,grid.429997.8,
83,Michigan State University,United States,55.9,50.0,49.1,71.5,32.0,52.6,55.9,50.0,49.1,71.5,/world-university-rankings/michigan-state-university,michigan-state-university,http://www.wikidata.org/entity/Q270222,grid.17088.36,
83,University of Amsterdam,Netherlands,55.9,38.3,54.1,75.0,50.2,58.3,55.9,38.3,54.1,75.0,/world-university-rankings/university-amsterdam,university-amsterdam,http://www.wikidata.org/entity/Q214341,grid.7177.6,
85,Ghent University,Belgium,55.5,41.0,48.9,74.9,94.6,49.5,55.5,41.0,48.9,74.9,/world-university-rankings/ghent-university,ghent-university,http://www.wikidata.org/entity/Q1137665,grid.5342.0,
86,Free University of Berlin,Germany,55.3,43.8,58.0,64.8,34.4,58.7,55.3,43.8,58.0,64.8,/world-university-rankings/free-university-berlin,free-university-berlin,http://www.wikidata.org/entity/Q153006,grid.14095.39,
87,Technical University of Munich,Germany,55.2,48.2,35.2,80.7,50.1,63.1,55.2,48.2,35.2,80.7,/world-university-rankings/technical-university-munich,technical-university-munich,http://www.wikidata.org/entity/Q157808,grid.6936.a,
88,Case Western Reserve University,United States,55.0,51.0,38.6,82.8,-,35.4,55.0,51.0,38.6,82.8,/world-university-rankings/case-western-reserve-university,case-western-reserve-university,http://www.wikidata.org/entity/Q1047060,grid.67105.35,
88,Vanderbilt University,United States,55.0,46.8,38.7,86.5,51.0,28.6,55.0,46.8,38.7,86.5,/world-university-rankings/vanderbilt-university,vanderbilt-university,http://www.wikidata.org/entity/Q29052,grid.152326.1,
90,University of Notre Dame,United States,54.7,41.2,34.7,91.8,31.2,47.5,54.7,41.2,34.7,91.8,/world-university-rankings/university-notre-dame-0,university-notre-dame-0,http://www.wikidata.org/entity/Q178848,grid.131063.6,
91,Monash University,Australia,54.6,42.5,48.9,65.4,67.0,78.3,54.6,42.5,48.9,65.4,/world-university-rankings/monash-university,monash-university,http://www.wikidata.org/entity/Q598841,grid.1002.3,
92,McMaster University,Canada,54.5,35.3,42.7,79.4,86.9,68.0,54.5,35.3,42.7,79.4,/world-university-rankings/mcmaster-university,mcmaster-university,http://www.wikidata.org/entity/Q632891,grid.25073.33,
93,"University of California, Irvine",United States,54.1,37.1,40.8,89.7,44.9,36.4,54.1,37.1,40.8,89.7,/world-university-rankings/university-california-irvine,university-california-irvine,http://www.wikidata.org/entity/Q868421,grid.266093.8,
94,Humboldt University of Berlin,Germany,53.8,45.6,48.7,68.4,-,54.4,53.8,45.6,48.7,68.4,/world-university-rankings/humboldt-university-berlin,humboldt-university-berlin,http://www.wikidata.org/entity/Q152087,grid.7468.d,
95,University of Rochester,United States,53.6,42.8,29.9,89.7,41.4,50.7,53.6,42.8,29.9,89.7,/world-university-rankings/university-rochester,university-rochester,http://www.wikidata.org/entity/Q149990,grid.16416.34,
96,Pierre and Marie Curie University,France,53.5,50.2,26.7,82.3,34.4,65.5,53.5,50.2,26.7,82.3,/world-university-rankings/pierre-and-marie-curie-university,pierre-and-marie-curie-university,http://www.wikidata.org/entity/Q1144549,grid.5805.8,
97,University of Colorado Boulder,United States,53.4,34.2,33.3,97.3,-,40.5,53.4,34.2,33.3,97.3,/world-university-rankings/university-colorado-boulder,university-colorado-boulder,http://www.wikidata.org/entity/Q736674,grid.266190.a,
98,Maastricht University,Netherlands,52.9,33.1,47.1,65.8,98.2,89.1,52.9,33.1,47.1,65.8,/world-university-rankings/maastricht-university,maastricht-university,http://www.wikidata.org/entity/Q1137652,grid.5012.6,
98,University of Groningen,Netherlands,52.9,36.0,48.6,71.1,87.6,53.0,52.9,36.0,48.6,71.1,/world-university-rankings/university-groningen,university-groningen,http://www.wikidata.org/entity/Q850730,grid.4830.f,
100,University of Helsinki,Finland,52.6,35.5,46.5,77.8,30.7,51.3,52.6,35.5,46.5,77.8,/world-university-rankings/university-helsinki,university-helsinki,http://www.wikidata.org/entity/Q28695,grid.7737.4,
100,University of York,United Kingdom,52.6,31.7,33.2,89.4,33.3,73.6,52.6,31.7,33.2,89.4,/world-university-rankings/university-york,university-york,http://www.wikidata.org/entity/Q967165,grid.5685.e,
102,"Royal Holloway, University of London",United Kingdom,52.5,30.4,21.2,97.5,33.1,92.6,52.5,30.4,21.2,97.5,/world-university-rankings/royal-holloway-university-london,royal-holloway-university-london,http://www.wikidata.org/entity/Q1202039,grid.4970.a,
103,"Rutgers, the State University of New Jersey",United States,52.4,43.4,50.1,70.4,35.4,31.4,52.4,43.4,50.1,70.4,/world-university-rankings/rutgers-state-university-new-jersey-0,rutgers-state-university-new-jersey-0,http://www.wikidata.org/entity/Q7382826,grid.430387.b,103.0
103,Stockholm University,Sweden,52.4,28.6,41.4,88.7,31.5,53.4,52.4,28.6,41.4,88.7,/world-university-rankings/stockholm-university,stockholm-university,http://www.wikidata.org/entity/Q221645,grid.10548.38,
103,University of Arizona,United States,52.4,39.4,44.4,74.6,82.3,38.0,52.4,39.4,44.4,74.6,/world-university-rankings/university-arizona,university-arizona,http://www.wikidata.org/entity/Q503419,grid.134563.6,
106,Eindhoven University of Technology,Netherlands,52.3,37.3,47.9,63.6,100.0,68.7,52.3,37.3,47.9,63.6,/world-university-rankings/eindhoven-university-technology,eindhoven-university-technology,http://www.wikidata.org/entity/Q280824,grid.6852.9,
106,University of Montreal,Canada,52.3,45.7,42.9,59.3,90.9,75.6,52.3,45.7,42.9,59.3,/world-university-rankings/university-montreal,university-montreal,http://www.wikidata.org/entity/Q392189,grid.14848.31,
108,"University of Maryland, College Park",United States,52.2,39.0,37.2,84.4,32.1,42.4,52.2,39.0,37.2,84.4,/world-university-rankings/university-maryland-college-park,university-maryland-college-park,http://www.wikidata.org/entity/Q503415,grid.164295.d,
109,Chinese University of Hong Kong,Hong Kong,52.0,45.5,54.7,52.4,46.4,66.9,52.0,45.5,54.7,52.4,/world-university-rankings/chinese-university-hong-kong,chinese-university-hong-kong,http://www.wikidata.org/entity/Q15570,grid.10784.3a,
109,University of Alberta,Canada,52.0,44.6,47.8,59.3,46.8,70.1,52.0,44.6,47.8,59.3,/world-university-rankings/university-alberta,university-alberta,http://www.wikidata.org/entity/Q640694,grid.17089.37,
111,Uppsala University,Sweden,51.9,38.9,49.7,66.4,40.5,57.8,51.9,38.9,49.7,66.4,/world-university-rankings/uppsala-university,uppsala-university,http://www.wikidata.org/entity/Q185246,grid.8993.b,
112,University of Sheffield,United Kingdom,51.8,40.6,38.1,72.4,42.7,71.6,51.8,40.6,38.1,72.4,/world-university-rankings/university-sheffield,university-sheffield,http://www.wikidata.org/entity/Q823917,grid.11835.3e,
112,University of Virginia,United States,51.8,49.7,33.9,77.5,49.4,30.2,51.8,49.7,33.9,77.5,/world-university-rankings/university-virginia,university-virginia,http://www.wikidata.org/entity/Q213439,grid.27755.32,
114,Paris-Sud University,France,51.7,35.9,32.1,86.3,28.8,62.0,51.7,35.9,32.1,86.3,/world-university-rankings/paris-sud-university,paris-sud-university,http://www.wikidata.org/entity/Q1480643,grid.5842.b,
114,Queen Mary University of London,United Kingdom,51.7,31.0,29.2,87.0,37.7,88.0,51.7,31.0,29.2,87.0,/world-university-rankings/queen-mary-university-london,queen-mary-university-london,http://www.wikidata.org/entity/Q195668,grid.4868.2,
114,University of New South Wales,Australia,51.7,38.8,50.1,58.0,52.6,83.5,51.7,38.8,50.1,58.0,/world-university-rankings/university-new-south-wales,university-new-south-wales,http://www.wikidata.org/entity/Q734764,grid.1005.4,
117,KTH Royal Institute of Technology,Sweden,51.6,45.0,41.6,55.6,100.0,86.2,51.6,45.0,41.6,55.6,/world-university-rankings/kth-royal-institute-technology,kth-royal-institute-technology,http://www.wikidata.org/entity/Q854280,grid.5037.1,
117,Technical University of Denmark,Denmark,51.6,38.9,26.9,78.7,98.7,77.4,51.6,38.9,26.9,78.7,/world-university-rankings/technical-university-denmark,technical-university-denmark,http://www.wikidata.org/entity/Q1269766,grid.5170.3,
117,University of Glasgow,United Kingdom,51.6,34.5,36.6,79.2,40.8,73.7,51.6,34.5,36.6,79.2,/world-university-rankings/university-glasgow,university-glasgow,http://www.wikidata.org/entity/Q192775,grid.8756.c,
117,University of St Andrews,United Kingdom,51.6,36.9,32.2,77.3,40.3,88.8,51.6,36.9,32.2,77.3,/world-university-rankings/university-st-andrews,university-st-andrews,http://www.wikidata.org/entity/Q216273,grid.11914.3c,
121,University of Sussex,United Kingdom,51.2,29.5,32.2,86.3,31.3,80.1,51.2,29.5,32.2,86.3,/world-university-rankings/university-sussex,university-sussex,http://www.wikidata.org/entity/Q1161297,grid.12082.39,
121,University of Zurich,Switzerland,51.2,38.0,29.8,78.1,39.2,85.5,51.2,38.0,29.8,78.1,/world-university-rankings/university-zurich,university-zurich,http://www.wikidata.org/entity/Q206702,grid.7400.3,
123,Lund University,Sweden,51.1,30.1,48.6,72.0,33.5,67.4,51.1,30.1,48.6,72.0,/world-university-rankings/lund-university,lund-university,http://www.wikidata.org/entity/Q218506,grid.4514.4,
124,University of Geneva,Switzerland,51.0,31.4,33.9,77.2,38.3,96.7,51.0,31.4,33.9,77.2,/world-university-rankings/university-geneva,university-geneva,http://www.wikidata.org/entity/Q503473,grid.8591.5,
125,Tokyo Institute of Technology,Japan,50.8,52.4,51.4,52.0,67.5,32.1,50.8,52.4,51.4,52.0,/world-university-rankings/tokyo-institute-technology,tokyo-institute-technology,http://www.wikidata.org/entity/Q587326,grid.32197.3e,
126,Dartmouth College,United States,50.5,38.5,34.5,83.6,42.3,32.7,50.5,38.5,34.5,83.6,/world-university-rankings/dartmouth-college,dartmouth-college,http://www.wikidata.org/entity/Q49116,grid.254880.3,
126,University of Cape Town,South Africa,50.5,26.3,31.0,84.6,85.6,77.2,50.5,26.3,31.0,84.6,/world-university-rankings/university-cape-town,university-cape-town,http://www.wikidata.org/entity/Q951305,grid.7836.a,
128,University of Florida,United States,50.4,48.0,49.9,59.9,-,30.9,50.4,48.0,49.9,59.9,/world-university-rankings/university-florida,university-florida,http://www.wikidata.org/entity/Q501758,grid.15276.37,
129,RWTH Aachen University,Germany,50.3,40.4,31.3,76.0,73.9,55.5,50.3,40.4,31.3,76.0,/world-university-rankings/rwth-aachen-university,rwth-aachen-university,http://www.wikidata.org/entity/Q273263,grid.1957.a,
129,Trinity College Dublin,Ireland,50.3,33.1,25.2,85.4,30.8,85.9,50.3,33.1,25.2,85.4,/world-university-rankings/trinity-college-dublin,trinity-college-dublin,http://www.wikidata.org/entity/Q258464,grid.8217.c,
131,Radboud University Nijmegen,Netherlands,50.2,29.7,46.1,73.1,42.5,58.6,50.2,29.7,46.1,73.1,/world-university-rankings/radboud-university-nijmegen,radboud-university-nijmegen,http://www.wikidata.org/entity/Q632004,grid.5590.9,
132,Indiana University,United States,50.1,45.8,37.0,71.5,-,38.3,50.1,45.8,37.0,71.5,/world-university-rankings/indiana-university,indiana-university,http://www.wikidata.org/entity/Q1079140,grid.411377.7,
132,University of Lausanne,Switzerland,50.1,27.3,39.7,74.5,52.7,84.5,50.1,27.3,39.7,74.5,/world-university-rankings/university-lausanne,university-lausanne,http://www.wikidata.org/entity/Q658975,grid.9851.5,
132,University of Massachusetts,United States,50.1,40.7,38.9,74.6,52.0,33.1,50.1,40.7,38.9,74.6,/world-university-rankings/university-massachusetts,university-massachusetts,http://www.wikidata.org/entity/Q15142,grid.266683.f,
135,Boston College,United States,50.0,26.3,26.4,96.2,49.4,54.4,50.0,26.3,26.4,96.2,/world-university-rankings/boston-college,boston-college,http://www.wikidata.org/entity/Q49118,grid.208226.c,
136,"University of California, Santa Cruz",United States,49.9,25.9,29.1,99.9,-,39.4,49.9,25.9,29.1,99.9,/world-university-rankings/university-california-santa-cruz,university-california-santa-cruz,http://www.wikidata.org/entity/Q1047293,grid.205975.c,
137,Lancaster University,United Kingdom,49.7,34.8,32.6,75.4,32.2,81.2,49.7,34.8,32.6,75.4,/world-university-rankings/lancaster-university,lancaster-university,http://www.wikidata.org/entity/Q262854,grid.9835.7,
138,Aarhus University,Denmark,49.6,30.7,46.4,65.8,67.5,67.2,49.6,30.7,46.4,65.8,/world-university-rankings/aarhus-university,aarhus-university,http://www.wikidata.org/entity/Q924265,grid.7048.b,
139,Colorado School of Mines,United States,49.5,22.7,27.2,97.1,74.8,47.3,49.5,22.7,27.2,97.1,/world-university-rankings/colorado-school-mines,colorado-school-mines,http://www.wikidata.org/entity/Q1111367,grid.254549.b,
139,University of Leeds,United Kingdom,49.5,34.9,38.2,71.3,42.1,68.5,49.5,34.9,38.2,71.3,/world-university-rankings/university-leeds,university-leeds,http://www.wikidata.org/entity/Q503424,grid.9909.9,
141,University of Warwick,United Kingdom,49.4,39.8,42.4,58.7,34.6,82.9,49.4,39.8,42.4,58.7,/world-university-rankings/university-warwick,university-warwick,http://www.wikidata.org/entity/Q865528,grid.7372.1,
142,National Taiwan University,Taiwan,49.2,47.1,58.3,47.8,47.1,27.3,49.2,47.1,58.3,47.8,/world-university-rankings/national-taiwan-university,national-taiwan-university,http://www.wikidata.org/entity/Q32746,grid.19188.39,
143,University of Utah,United States,49.1,39.4,36.1,76.6,61.3,25.5,49.1,39.4,36.1,76.6,/world-university-rankings/university-utah,university-utah,http://www.wikidata.org/entity/Q168515,grid.223827.e,
144,Osaka University,Japan,49.0,52.5,47.6,50.4,71.2,27.6,49.0,52.5,47.6,50.4,/world-university-rankings/osaka-university,osaka-university,http://www.wikidata.org/entity/Q651233,grid.136593.b,
144,Vrije Universiteit Amsterdam,Netherlands,49.0,33.1,38.8,74.1,59.8,49.2,49.0,33.1,38.8,74.1,/world-university-rankings/vrije-universiteit-amsterdam,vrije-universiteit-amsterdam,http://www.wikidata.org/entity/Q1065414,grid.12380.38,
146,Arizona State University,United States,48.9,33.8,35.9,83.6,31.4,28.6,48.9,33.8,35.9,83.6,/world-university-rankings/arizona-state-university,arizona-state-university,http://www.wikidata.org/entity/Q670897,grid.215654.1,
146,University of Southampton,United Kingdom,48.9,33.2,31.4,75.4,38.6,79.1,48.9,33.2,31.4,75.4,/world-university-rankings/university-southampton,university-southampton,http://www.wikidata.org/entity/Q76473,grid.5491.9,
148,"University of California, Riverside",United States,48.7,25.9,25.8,91.8,37.6,62.2,48.7,25.9,25.8,91.8,/world-university-rankings/university-california-riverside,university-california-riverside,http://www.wikidata.org/entity/Q1075148,grid.266097.c,
148,University of Exeter,United Kingdom,48.7,29.2,32.8,78.3,37.2,76.7,48.7,29.2,32.8,78.3,/world-university-rankings/university-exeter,university-exeter,http://www.wikidata.org/entity/Q1414861,grid.8391.3,
150,Tohoku University,Japan,48.5,51.8,48.1,47.3,85.9,29.3,48.5,51.8,48.1,47.3,/world-university-rankings/tohoku-university,tohoku-university,http://www.wikidata.org/entity/Q1062129,grid.69566.3a,
150,University of Copenhagen,Denmark,48.5,33.9,32.0,73.1,43.0,76.0,48.5,33.9,32.0,73.1,/world-university-rankings/university-copenhagen,university-copenhagen,http://www.wikidata.org/entity/Q186285,grid.5254.6,
152,University of Freiburg,Germany,48.4,40.1,28.4,71.8,86.6,55.9,48.4,40.1,28.4,71.8,/world-university-rankings/university-freiburg,university-freiburg,http://www.wikidata.org/entity/Q153987,grid.5963.9,
153,University of Birmingham,United Kingdom,48.3,42.8,39.6,57.5,36.7,72.2,48.3,42.8,39.6,57.5,/world-university-rankings/university-birmingham,university-birmingham,http://www.wikidata.org/entity/Q223429,grid.6572.6,
154,Karlsruhe Institute of Technology,Germany,48.0,39.0,33.6,64.8,83.0,61.9,48.0,39.0,33.6,64.8,/world-university-rankings/karlsruhe-institute-technology,karlsruhe-institute-technology,http://www.wikidata.org/entity/Q309988,grid.7892.4,
155,Joseph Fourier University,France,47.8,39.1,27.6,75.6,36.1,57.1,47.8,39.1,27.6,75.6,/world-university-rankings/universite-joseph-fourier-grenoble,universite-joseph-fourier-grenoble,,grid.9621.c,101.0
156,École Normale Supérieure de Lyon,France,47.5,37.1,35.2,67.7,30.0,63.3,47.5,37.1,35.2,67.7,/world-university-rankings/ecole-normale-superieure-de-lyon,ecole-normale-superieure-de-lyon,http://www.wikidata.org/entity/Q10159,grid.15140.31,
157,University of Bern,Switzerland,47.4,38.9,31.4,64.3,45.1,78.5,47.4,38.9,31.4,64.3,/world-university-rankings/university-bern,university-bern,http://www.wikidata.org/entity/Q659080,grid.5734.5,
157,University of Nottingham,United Kingdom,47.4,38.4,36.3,62.3,39.2,70.3,47.4,38.4,36.3,62.3,/world-university-rankings/university-nottingham,university-nottingham,http://www.wikidata.org/entity/Q472316,grid.4563.4,
159,Texas A&M University,United States,47.2,43.0,50.2,48.6,47.5,46.8,47.2,43.0,50.2,48.6,/world-university-rankings/texas-am-university,texas-am-university,http://www.wikidata.org/entity/Q49212,grid.264756.4,
160,Georgetown University,United States,47.0,51.9,25.6,62.3,71.9,43.6,47.0,51.9,25.6,62.3,/world-university-rankings/georgetown-university,georgetown-university,http://www.wikidata.org/entity/Q333886,grid.213910.8,
161,University College Dublin,Ireland,46.7,27.1,29.0,77.0,33.1,79.6,46.7,27.1,29.0,77.0,/world-university-rankings/university-college-dublin,university-college-dublin,http://www.wikidata.org/entity/Q1068258,grid.7886.1,
161,University of Iowa,United States,46.7,44.2,31.6,70.4,-,29.3,46.7,44.2,31.6,70.4,/world-university-rankings/university-iowa,university-iowa,http://www.wikidata.org/entity/Q182973,grid.214572.7,
161,University of Leicester,United Kingdom,46.7,32.5,32.9,66.9,33.7,81.6,46.7,32.5,32.9,66.9,/world-university-rankings/university-leicester,university-leicester,http://www.wikidata.org/entity/Q1333399,grid.9918.9,
164,Brandeis University,United States,46.6,28.8,24.3,86.5,36.8,50.6,46.6,28.8,24.3,86.5,/world-university-rankings/brandeis-university,brandeis-university,http://www.wikidata.org/entity/Q49119,grid.253264.4,
164,Pompeu Fabra University,Spain,46.6,27.0,27.1,85.2,37.3,51.7,46.6,27.0,27.1,85.2,/world-university-rankings/pompeu-fabra-university,pompeu-fabra-university,http://www.wikidata.org/entity/Q24543,grid.5612.0,
164,University of Antwerp,Belgium,46.6,34.5,33.2,64.1,100.0,61.1,46.6,34.5,33.2,64.1,/world-university-rankings/university-antwerp,university-antwerp,http://www.wikidata.org/entity/Q175241,grid.5284.b,
164,University of Auckland,New Zealand,46.6,26.7,33.5,67.0,74.5,88.0,46.6,26.7,33.5,67.0,/world-university-rankings/university-auckland,university-auckland,http://www.wikidata.org/entity/Q492467,grid.9654.e,
168,University of Western Australia,Australia,46.4,34.6,34.7,58.0,63.3,88.6,46.4,34.6,34.7,58.0,/world-university-rankings/university-western-australia,university-western-australia,http://www.wikidata.org/entity/Q1517021,grid.1012.2,
169,University of Liverpool,United Kingdom,46.3,31.1,31.2,70.3,37.7,75.0,46.3,31.1,31.2,70.3,/world-university-rankings/university-liverpool,university-liverpool,http://www.wikidata.org/entity/Q499510,grid.10025.36,
170,University of Twente,Netherlands,46.2,32.7,43.8,54.3,81.8,65.5,46.2,32.7,43.8,54.3,/world-university-rankings/university-twente,university-twente,http://www.wikidata.org/entity/Q1547084,grid.6214.1,
170,University of Vienna,Austria,46.2,35.8,36.1,57.4,29.3,89.5,46.2,35.8,36.1,57.4,/world-university-rankings/university-vienna,university-vienna,http://www.wikidata.org/entity/Q165980,grid.10420.37,
172,Université Catholique de Louvain,Belgium,46.1,30.1,35.3,67.5,57.8,63.4,46.1,30.1,35.3,67.5,/world-university-rankings/universite-catholique-de-louvain,universite-catholique-de-louvain,http://www.wikidata.org/entity/Q378134,grid.7942.8,
172,Yeshiva University,United States,46.1,47.3,20.6,77.5,-,25.6,46.1,47.3,20.6,77.5,/world-university-rankings/yeshiva-university,yeshiva-university,,grid.268433.8,101.0
174,University of Delaware,United States,46.0,27.0,35.5,73.6,98.1,37.1,46.0,27.0,35.5,73.6,/world-university-rankings/university-delaware,university-delaware,http://www.wikidata.org/entity/Q1068072,grid.33489.35,
174,University of East Anglia,United Kingdom,46.0,27.2,24.0,81.7,29.5,72.3,46.0,27.2,24.0,81.7,/world-university-rankings/university-east-anglia,university-east-anglia,http://www.wikidata.org/entity/Q1045828,grid.8273.e,
176,University at Buffalo,United States,45.9,40.2,39.3,56.2,39.4,55.4,45.9,40.2,39.3,56.2,/world-university-rankings/university-buffalo,university-buffalo,http://www.wikidata.org/entity/Q681025,grid.273335.3,
176,Université Libre de Bruxelles,Belgium,45.9,22.7,30.4,77.8,-,77.5,45.9,22.7,30.4,77.8,/world-university-rankings/universite-libre-de-bruxelles,universite-libre-de-bruxelles,http://www.wikidata.org/entity/Q574606,grid.4989.c,
178,Paris Diderot University – Paris 7,France,45.8,24.0,19.1,90.2,29.1,67.0,45.8,24.0,19.1,90.2,/world-university-rankings/paris-diderot-university-paris-7,paris-diderot-university-paris-7,http://www.wikidata.org/entity/Q1235608,grid.7452.4,
178,Stony Brook University,United States,45.8,32.5,22.9,80.3,32.3,57.8,45.8,32.5,22.9,80.3,/world-university-rankings/stony-brook-university,stony-brook-university,http://www.wikidata.org/entity/Q969850,grid.36425.36,
180,Wake Forest University,United States,45.7,36.1,21.8,85.1,38.8,23.7,45.7,36.1,21.8,85.1,/world-university-rankings/wake-forest-university,wake-forest-university,http://www.wikidata.org/entity/Q392667,grid.241167.7,
181,Rensselaer Polytechnic Institute,United States,45.6,30.7,35.5,71.5,65.6,35.6,45.6,30.7,35.5,71.5,/world-university-rankings/rensselaer-polytechnic-institute,rensselaer-polytechnic-institute,http://www.wikidata.org/entity/Q49211,grid.33647.35,
181,University of Bonn,Germany,45.6,35.8,20.4,80.7,-,54.2,45.6,35.8,20.4,80.7,/world-university-rankings/university-bonn,university-bonn,http://www.wikidata.org/entity/Q152171,grid.10388.32,
183,Iowa State University,United States,45.5,35.6,32.4,71.5,28.2,38.8,45.5,35.6,32.4,71.5,/world-university-rankings/iowa-state-university,iowa-state-university,http://www.wikidata.org/entity/Q1136919,grid.34421.30,
184,Northeastern University,United States,45.4,34.5,19.8,82.0,34.5,48.5,45.4,34.5,19.8,82.0,/world-university-rankings/northeastern-university,northeastern-university,http://www.wikidata.org/entity/Q37548,grid.261112.7,
185,University of Miami,United States,45.3,43.2,25.8,71.5,-,32.9,45.3,43.2,25.8,71.5,/world-university-rankings/university-miami,university-miami,http://www.wikidata.org/entity/Q738258,grid.26790.3a,
185,University of Oslo,Norway,45.3,32.4,33.0,65.4,32.5,70.3,45.3,32.4,33.0,65.4,/world-university-rankings/university-oslo,university-oslo,http://www.wikidata.org/entity/Q486156,grid.5510.1,
185,University of Ottawa,Canada,45.3,36.5,34.8,60.6,41.6,62.4,45.3,36.5,34.8,60.6,/world-university-rankings/university-ottawa,university-ottawa,http://www.wikidata.org/entity/Q627969,grid.28046.38,
188,University of Aberdeen,United Kingdom,45.2,27.9,26.8,71.3,45.1,83.6,45.2,27.9,26.8,71.3,/world-university-rankings/university-aberdeen,university-aberdeen,http://www.wikidata.org/entity/Q270532,grid.7107.1,
188,University of Texas at Dallas,United States,45.2,25.5,28.6,81.2,44.4,46.8,45.2,25.5,28.6,81.2,/world-university-rankings/university-texas-dallas,university-texas-dallas,http://www.wikidata.org/entity/Q1781394,grid.267323.1,
190,Yonsei University,South Korea,45.1,44.5,47.0,44.2,70.1,35.0,45.1,44.5,47.0,44.2,/world-university-rankings/yonsei-university,yonsei-university,,grid.15444.30,101.0
191,Hebrew University of Jerusalem,Israel,45.0,42.8,37.0,54.3,33.3,52.9,45.0,42.8,37.0,54.3,/world-university-rankings/hebrew-university-jerusalem,hebrew-university-jerusalem,http://www.wikidata.org/entity/Q174158,grid.9619.7,
191,University of Illinois at Chicago,United States,45.0,45.5,34.9,56.2,31.1,43.3,45.0,45.5,34.9,56.2,/world-university-rankings/university-illinois-chicago,university-illinois-chicago,http://www.wikidata.org/entity/Q955764,grid.185648.6,
193,Mines ParisTech,France,44.9,41.6,22.5,62.7,99.1,58.7,44.9,41.6,22.5,62.7,/world-university-rankings/mines-paristech,mines-paristech,,grid.58140.38,101.0
194,George Washington University,United States,44.8,45.6,26.3,65.9,30.0,36.0,44.8,45.6,26.3,65.9,/world-university-rankings/george-washington-university,george-washington-university,http://www.wikidata.org/entity/Q432637,grid.253615.6,
194,University of Reading,United Kingdom,44.8,36.0,34.1,58.7,34.4,70.6,44.8,36.0,34.1,58.7,/world-university-rankings/university-reading,university-reading,http://www.wikidata.org/entity/Q1432632,grid.9435.b,
196,University of Dundee,United Kingdom,44.7,22.5,21.4,84.9,46.5,65.7,44.7,22.5,21.4,84.9,/world-university-rankings/university-dundee,university-dundee,http://www.wikidata.org/entity/Q1249005,grid.8241.f,
197,Florida Institute of Technology,United States,44.6,15.9,14.5,99.0,44.7,61.5,44.6,15.9,14.5,99.0,/world-university-rankings/florida-institute-technology,florida-institute-technology,http://www.wikidata.org/entity/Q3152650,grid.255966.b,
198,Newcastle University,United Kingdom,44.5,29.7,28.3,68.1,36.9,76.3,44.5,29.7,28.3,68.1,/world-university-rankings/newcastle-university,newcastle-university,http://www.wikidata.org/entity/Q837164,grid.1006.7,
199,Boğaziçi University,Turkey,44.3,20.5,22.8,88.2,45.9,49.8,44.3,20.5,22.8,88.2,/world-university-rankings/bogazici-university,bogazici-university,http://www.wikidata.org/entity/Q896267,grid.11220.30,
199,Tel Aviv University,Israel,44.3,39.9,48.3,44.8,44.7,43.3,44.3,39.9,48.3,44.8,/world-university-rankings/tel-aviv-university,tel-aviv-university,http://www.wikidata.org/entity/Q319239,grid.12136.37,
201-225,"Birkbeck, University of London",United Kingdom,-,31.3,27.4,59.9,29.0,83.5,-,31.3,27.4,59.9,/world-university-rankings/birkbeck-university-london,birkbeck-university-london,http://www.wikidata.org/entity/Q375606,grid.88379.3d,
201-225,Cardiff University,United Kingdom,-,28.0,30.9,64.6,34.4,70.6,-,28.0,30.9,64.6,/world-university-rankings/cardiff-university,cardiff-university,http://www.wikidata.org/entity/Q1035745,grid.5600.3,
201-225,City University of Hong Kong,Hong Kong,-,30.9,33.5,60.2,55.7,65.9,-,30.9,33.5,60.2,/world-university-rankings/city-university-hong-kong,city-university-hong-kong,http://www.wikidata.org/entity/Q787360,grid.35030.35,
201-225,Fudan University,China,-,41.6,31.9,54.1,46.7,37.9,-,41.6,31.9,54.1,/world-university-rankings/fudan-university,fudan-university,http://www.wikidata.org/entity/Q495015,grid.8547.e,
201-225,Goethe University Frankfurt,Germany,-,28.9,20.4,80.7,39.8,56.4,-,28.9,20.4,80.7,/world-university-rankings/goethe-university-frankfurt,goethe-university-frankfurt,http://www.wikidata.org/entity/Q50662,grid.7839.5,
201-225,Istanbul Technical University,Turkey,-,26.2,19.2,82.3,68.2,35.7,-,26.2,19.2,82.3,/world-university-rankings/istanbul-technical-university,istanbul-technical-university,http://www.wikidata.org/entity/Q344334,grid.10516.33,
201-225,Korea University,South Korea,-,46.2,42.2,41.1,70.3,35.5,-,46.2,42.2,41.1,/world-university-rankings/korea-university,korea-university,http://www.wikidata.org/entity/Q39997,grid.222754.4,
201-225,Laval University,Canada,-,37.7,29.1,59.3,68.5,54.0,-,37.7,29.1,59.3,/world-university-rankings/laval-university,laval-university,http://www.wikidata.org/entity/Q1067935,grid.23856.3a,
201-225,Middle East Technical University,Turkey,-,39.2,30.0,56.4,57.0,31.2,-,39.2,30.0,56.4,/world-university-rankings/middle-east-technical-university,middle-east-technical-university,http://www.wikidata.org/entity/Q756126,grid.6935.9,
201-225,Nagoya University,Japan,-,37.4,32.1,55.1,80.6,28.0,-,37.4,32.1,55.1,/world-university-rankings/nagoya-university,nagoya-university,http://www.wikidata.org/entity/Q1191132,grid.27476.30,
201-225,"St George’s, University of London",United Kingdom,-,20.5,22.9,84.1,30.6,57.3,-,20.5,22.9,84.1,/world-university-rankings/st-georges-university-london,st-georges-university-london,http://www.wikidata.org/entity/Q772421,grid.264200.2,
201-225,Sungkyunkwan University (SKKU),South Korea,-,37.6,38.8,45.8,98.6,33.7,-,37.6,38.8,45.8,/world-university-rankings/sungkyunkwan-university-skku,sungkyunkwan-university-skku,http://www.wikidata.org/entity/Q41085,grid.264381.a,
201-225,Technion Israel Institute of Technology,Israel,-,35.1,37.2,48.9,36.2,59.7,-,35.1,37.2,48.9,/world-university-rankings/technion-israel-institute-technology,technion-israel-institute-technology,http://www.wikidata.org/entity/Q333705,grid.6451.6,
201-225,Tokyo Metropolitan University,Japan,-,19.3,9.6,100.0,31.0,29.4,-,19.3,9.6,100.0,/world-university-rankings/tokyo-metropolitan-university,tokyo-metropolitan-university,http://www.wikidata.org/entity/Q1148334,grid.265074.2,
201-225,Ulm University,Germany,-,38.6,20.6,68.4,51.1,54.6,-,38.6,20.6,68.4,/world-university-rankings/ulm-university,ulm-university,http://www.wikidata.org/entity/Q835662,grid.6582.9,
201-225,University of Adelaide,Australia,-,28.7,34.3,56.8,54.1,78.2,-,28.7,34.3,56.8,/world-university-rankings/university-adelaide,university-adelaide,http://www.wikidata.org/entity/Q15574,grid.1010.0,
201-225,University of Bergen,Norway,-,30.8,28.2,66.6,34.7,62.9,-,30.8,28.2,66.6,/world-university-rankings/university-bergen,university-bergen,http://www.wikidata.org/entity/Q204457,grid.7914.b,
201-225,University of Calgary,Canada,-,32.8,30.2,56.8,45.4,62.9,-,32.8,30.2,56.8,/world-university-rankings/university-calgary,university-calgary,http://www.wikidata.org/entity/Q1067471,grid.22072.35,
201-225,University of Gothenburg,Sweden,-,23.4,35.8,64.1,38.0,47.1,-,23.4,35.8,64.1,/world-university-rankings/university-gothenburg,university-gothenburg,http://www.wikidata.org/entity/Q371522,grid.8761.8,
201-225,University of Innsbruck,Austria,-,25.2,17.2,70.6,40.2,91.4,-,25.2,17.2,70.6,/world-university-rankings/university-innsbruck,university-innsbruck,http://www.wikidata.org/entity/Q875788,grid.5771.4,
201-225,University of Science and Technology of China,China,-,38.7,26.1,69.6,69.4,25.8,-,38.7,26.1,69.6,/world-university-rankings/university-science-and-technology-china,university-science-and-technology-china,http://www.wikidata.org/entity/Q1074103,grid.59053.3a,
201-225,University of Strasbourg,France,-,25.2,21.1,76.6,32.0,69.2,-,25.2,21.1,76.6,/world-university-rankings/university-strasbourg,university-strasbourg,http://www.wikidata.org/entity/Q157575,grid.11843.3f,
201-225,University of Trento,Italy,-,27.2,22.9,71.5,42.8,54.7,-,27.2,22.9,71.5,/world-university-rankings/university-trento,university-trento,http://www.wikidata.org/entity/Q930528,grid.11696.39,
201-225,University of Tübingen,Germany,-,31.1,21.6,71.8,32.3,56.6,-,31.1,21.6,71.8,/world-university-rankings/university-tubingen,university-tubingen,http://www.wikidata.org/entity/Q153978,grid.10392.39,
201-225,University of Victoria,Canada,-,18.1,28.5,75.5,30.1,67.0,-,18.1,28.5,75.5,/world-university-rankings/university-victoria,university-victoria,http://www.wikidata.org/entity/Q1458113,grid.143640.4,
201-225,William & Mary,United States,-,37.2,18.5,73.6,31.9,26.0,-,37.2,18.5,73.6,/world-university-rankings/william-mary,william-mary,http://www.wikidata.org/entity/Q875637,grid.264889.9,
226-250,Autonomous University of Barcelona,Spain,-,30.6,28.0,64.2,39.1,48.3,-,30.6,28.0,64.2,/world-university-rankings/autonomous-university-barcelona,autonomous-university-barcelona,http://www.wikidata.org/entity/Q43452,grid.7080.f,
226-250,Bilkent University,Turkey,-,24.4,26.0,69.2,46.6,43.7,-,24.4,26.0,69.2,/world-university-rankings/bilkent-university,bilkent-university,http://www.wikidata.org/entity/Q861904,grid.18376.3b,
226-250,Georgia Health Sciences University,United States,-,47.2,12.1,63.5,-,30.8,-,47.2,12.1,63.5,/world-university-rankings/georgia-health-sciences-university,georgia-health-sciences-university,,grid.410427.4,103.0
226-250,Lomonosov Moscow State University,Russian Federation,-,54.4,36.6,27.0,72.2,55.7,-,54.4,36.6,27.0,/world-university-rankings/lomonosov-moscow-state-university,lomonosov-moscow-state-university,http://www.wikidata.org/entity/Q13164,grid.14476.30,
226-250,Panjab University,India,-,25.8,14.0,84.7,28.4,29.3,-,25.8,14.0,84.7,/world-university-rankings/panjab-university,panjab-university,http://www.wikidata.org/entity/Q567899,grid.261674.0,
226-250,Queen’s University,Canada,-,36.2,29.5,51.6,63.5,59.8,-,36.2,29.5,51.6,/world-university-rankings/queens-university,queens-university,http://www.wikidata.org/entity/Q1420038,grid.410356.5,
226-250,Renmin University of China,China,-,35.5,13.4,69.6,40.4,48.4,-,35.5,13.4,69.6,/world-university-rankings/renmin-university-china,renmin-university-china,http://www.wikidata.org/entity/Q1074117,grid.24539.39,
226-250,Simon Fraser University,Canada,-,22.0,27.9,66.7,41.8,58.4,-,22.0,27.9,66.7,/world-university-rankings/simon-fraser-university,simon-fraser-university,http://www.wikidata.org/entity/Q201603,grid.61971.38,
226-250,Technical University of Darmstadt,Germany,-,37.6,30.7,43.3,88.0,66.3,-,37.6,30.7,43.3,/world-university-rankings/technical-university-darmstadt,technical-university-darmstadt,http://www.wikidata.org/entity/Q310695,grid.6546.1,
226-250,Tilburg University,Netherlands,-,32.0,45.7,39.0,55.5,57.6,-,32.0,45.7,39.0,/world-university-rankings/tilburg-university,tilburg-university,http://www.wikidata.org/entity/Q595668,grid.12295.3d,
226-250,Tulane University,United States,-,43.0,20.6,61.1,-,29.0,-,43.0,20.6,61.1,/world-university-rankings/tulane-university,tulane-university,http://www.wikidata.org/entity/Q1193547,grid.265219.b,
226-250,University of Barcelona,Spain,-,24.5,24.7,74.9,30.3,45.0,-,24.5,24.7,74.9,/world-university-rankings/university-barcelona,university-barcelona,http://www.wikidata.org/entity/Q219615,grid.5841.8,
226-250,University of Cincinnati,United States,-,31.8,22.3,69.3,36.5,25.4,-,31.8,22.3,69.3,/world-university-rankings/university-cincinnati,university-cincinnati,http://www.wikidata.org/entity/Q153265,grid.24827.3b,
226-250,University of Erlangen-Nuremberg,Germany,-,32.7,16.5,71.8,47.5,49.6,-,32.7,16.5,71.8,/world-university-rankings/university-erlangen-nuremberg,university-erlangen-nuremberg,http://www.wikidata.org/entity/Q40025,grid.5330.5,
226-250,University of Kiel,Germany,-,29.7,22.7,69.5,39.8,44.2,-,29.7,22.7,69.5,/world-university-rankings/university-kiel,university-kiel,http://www.wikidata.org/entity/Q156737,grid.9764.c,
226-250,University of Konstanz,Germany,-,27.0,30.7,59.9,59.5,58.9,-,27.0,30.7,59.9,/world-university-rankings/university-konstanz,university-konstanz,http://www.wikidata.org/entity/Q835440,grid.9811.1,
226-250,University of Milan-Bicocca,Italy,-,25.2,23.3,76.0,35.3,42.8,-,25.2,23.3,76.0,/world-university-rankings/university-milan-bicocca,university-milan-bicocca,http://www.wikidata.org/entity/Q1073674,grid.7563.7,
226-250,University of Münster,Germany,-,30.0,18.2,70.7,39.5,45.1,-,30.0,18.2,70.7,/world-university-rankings/university-munster,university-munster,http://www.wikidata.org/entity/Q168426,grid.5949.1,
226-250,University of Otago,New Zealand,-,24.6,26.9,56.9,37.6,84.8,-,24.6,26.9,56.9,/world-university-rankings/university-otago,university-otago,http://www.wikidata.org/entity/Q1201513,grid.29980.3a,
226-250,University of São Paulo,Brazil,-,47.2,50.8,29.4,40.1,24.9,-,47.2,50.8,29.4,/world-university-rankings/university-sao-paulo,university-sao-paulo,http://www.wikidata.org/entity/Q835960,grid.11899.38,
226-250,University of the Witwatersrand,South Africa,-,22.4,29.3,55.8,99.0,68.2,-,22.4,29.3,55.8,/world-university-rankings/university-witwatersrand,university-witwatersrand,http://www.wikidata.org/entity/Q534643,grid.11951.3d,
226-250,University of Trieste,Italy,-,19.1,15.0,86.7,32.9,49.8,-,19.1,15.0,86.7,/world-university-rankings/university-trieste,university-trieste,http://www.wikidata.org/entity/Q1751060,grid.5133.4,
226-250,University of Turin,Italy,-,26.1,20.9,72.7,41.9,39.7,-,26.1,20.9,72.7,/world-university-rankings/university-turin,university-turin,http://www.wikidata.org/entity/Q499911,grid.7605.4,
226-250,University of Waterloo,Canada,-,28.9,37.4,47.7,38.5,62.0,-,28.9,37.4,47.7,/world-university-rankings/university-waterloo,university-waterloo,http://www.wikidata.org/entity/Q1049470,grid.46078.3d,
226-250,University of Würzburg,Germany,-,27.1,16.0,77.0,30.4,47.4,-,27.1,16.0,77.0,/world-university-rankings/university-wurzburg,university-wurzburg,http://www.wikidata.org/entity/Q161976,grid.8379.5,
226-250,Vienna University of Technology,Austria,-,39.2,30.8,40.9,66.6,72.4,-,39.2,30.8,40.9,/world-university-rankings/vienna-university-technology,vienna-university-technology,http://www.wikidata.org/entity/Q689400,grid.5329.d,
226-250,Western University,Canada,-,37.3,33.7,45.1,52.3,62.7,-,37.3,33.7,45.1,/world-university-rankings/western-university,western-university,http://www.wikidata.org/entity/Q1144262,grid.39381.30,
251-275,Brunel University London,United Kingdom,-,21.6,19.1,64.6,34.1,89.1,-,21.6,19.1,64.6,/world-university-rankings/brunel-university-london,brunel-university-london,http://www.wikidata.org/entity/Q932411,grid.7728.a,
251-275,Dalhousie University,Canada,-,32.6,28.8,50.3,67.1,59.1,-,32.6,28.8,50.3,/world-university-rankings/dalhousie-university,dalhousie-university,http://www.wikidata.org/entity/Q579321,grid.55602.34,
251-275,Hong Kong Polytechnic University,Hong Kong,-,28.4,35.7,48.4,40.3,62.6,-,28.4,35.7,48.4,/world-university-rankings/hong-kong-polytechnic-university,hong-kong-polytechnic-university,http://www.wikidata.org/entity/Q1187271,grid.16890.36,
251-275,Medical University of Vienna,Austria,-,25.9,15.9,68.3,33.7,69.4,-,25.9,15.9,68.3,/world-university-rankings/medical-university-vienna,medical-university-vienna,http://www.wikidata.org/entity/Q700731,grid.22937.3d,
251-275,Montpellier University,France,-,23.4,24.7,67.7,33.4,54.2,-,23.4,24.7,67.7,/world-university-rankings/montpellier-university,montpellier-university,http://www.wikidata.org/entity/Q776223,grid.121334.6,
251-275,Nanjing University,China,-,36.8,23.2,52.6,51.8,50.8,-,36.8,23.2,52.6,/world-university-rankings/nanjing-university,nanjing-university,http://www.wikidata.org/entity/Q683580,grid.41156.37,
251-275,National Chiao Tung University,Taiwan,-,37.3,42.1,37.3,99.5,28.9,-,37.3,42.1,37.3,/world-university-rankings/national-chiao-tung-university,national-chiao-tung-university,http://www.wikidata.org/entity/Q43401,grid.260539.b,
251-275,National Tsing Hua University,Taiwan,-,39.5,35.4,44.7,43.4,21.5,-,39.5,35.4,44.7,/world-university-rankings/national-tsing-hua-university,national-tsing-hua-university,http://www.wikidata.org/entity/Q43406,grid.38348.34,
251-275,Norwegian University of Science and Technology,Norway,-,32.2,26.7,52.9,46.2,54.2,-,32.2,26.7,52.9,/world-university-rankings/norwegian-university-science-and-technology,norwegian-university-science-and-technology,http://www.wikidata.org/entity/Q314536,grid.5947.f,
251-275,Queen’s University Belfast,United Kingdom,-,26.9,22.8,53.8,48.5,87.5,-,26.9,22.8,53.8,/world-university-rankings/queens-university-belfast,queens-university-belfast,http://www.wikidata.org/entity/Q877925,grid.4777.3,
251-275,Sharif University of Technology,Iran,-,29.7,37.2,49.0,98.3,20.7,-,29.7,37.2,49.0,/world-university-rankings/sharif-university-technology,sharif-university-technology,http://www.wikidata.org/entity/Q2096604,grid.412553.4,
251-275,Swedish University of Agricultural Sciences,Sweden,-,29.0,23.9,59.3,99.8,45.2,-,29.0,23.9,59.3,/world-university-rankings/swedish-university-agricultural-sciences,swedish-university-agricultural-sciences,http://www.wikidata.org/entity/Q1312762,grid.6341.0,
251-275,TU Dresden,Germany,-,28.7,15.0,71.8,38.4,49.5,-,28.7,15.0,71.8,/world-university-rankings/tu-dresden,tu-dresden,http://www.wikidata.org/entity/Q158158,grid.4488.0,
251-275,University of Cologne,Germany,-,29.7,18.7,63.6,-,53.4,-,29.7,18.7,63.6,/world-university-rankings/university-cologne-0,university-cologne-0,http://www.wikidata.org/entity/Q54096,grid.6190.e,
251-275,University of Essex,United Kingdom,-,30.6,30.5,47.6,32.7,82.4,-,30.6,30.5,47.6,/world-university-rankings/university-essex,university-essex,http://www.wikidata.org/entity/Q1075104,grid.8356.8,
251-275,University of Iceland,Iceland,-,12.5,24.3,71.1,78.5,59.9,-,12.5,24.3,71.1,/world-university-rankings/university-iceland,university-iceland,http://www.wikidata.org/entity/Q196559,grid.14013.37,
251-275,University of Nebraska-Lincoln,United States,-,32.6,30.0,52.4,34.2,42.0,-,32.6,30.0,52.4,/world-university-rankings/university-nebraska-lincoln,university-nebraska-lincoln,http://www.wikidata.org/entity/Q1353679,grid.24434.35,
251-275,University of Newcastle,Australia,-,21.2,28.2,58.0,74.2,70.5,-,21.2,28.2,58.0,/world-university-rankings/university-newcastle,university-newcastle,http://www.wikidata.org/entity/Q531285,grid.266842.c,
251-275,University of Pavia,Italy,-,27.9,20.0,66.7,63.3,40.5,-,27.9,20.0,66.7,/world-university-rankings/university-pavia,university-pavia,http://www.wikidata.org/entity/Q219317,grid.8982.b,
251-275,University of South Carolina,United States,-,34.6,27.9,56.2,31.5,34.4,-,34.6,27.9,56.2,/world-university-rankings/university-south-carolina,university-south-carolina,http://www.wikidata.org/entity/Q1024426,grid.254567.7,
251-275,"University of the Andes, Colombia",Colombia,-,14.5,10.5,89.3,30.6,55.7,-,14.5,10.5,89.3,/world-university-rankings/university-andes-colombia,university-andes-colombia,http://www.wikidata.org/entity/Q1569421,grid.7247.6,
251-275,Vrije Universiteit Brussel,Belgium,-,30.0,24.9,59.3,44.7,54.4,-,30.0,24.9,59.3,/world-university-rankings/vrije-universiteit-brussel,vrije-universiteit-brussel,http://www.wikidata.org/entity/Q612665,grid.8767.e,
276-300,Carleton University,Canada,-,19.4,24.1,66.7,-,57.5,-,19.4,24.1,66.7,/world-university-rankings/carleton-university,carleton-university,http://www.wikidata.org/entity/Q1041737,grid.34428.39,
276-300,Chalmers University of Technology,Sweden,-,26.2,34.8,44.3,77.3,61.5,-,26.2,34.8,44.3,/world-university-rankings/chalmers-university-technology,chalmers-university-technology,http://www.wikidata.org/entity/Q836805,grid.5371.0,
276-300,Colorado State University,United States,-,28.6,29.8,57.4,38.5,31.4,-,28.6,29.8,57.4,/world-university-rankings/colorado-state-university,colorado-state-university,http://www.wikidata.org/entity/Q1111640,grid.47894.36,
276-300,Creighton University,United States,-,41.3,10.9,68.2,-,21.7,-,41.3,10.9,68.2,/world-university-rankings/creighton-university,creighton-university,http://www.wikidata.org/entity/Q770544,grid.254748.8,
276-300,Koç University,Turkey,-,16.6,17.1,72.1,41.1,57.8,-,16.6,17.1,72.1,/world-university-rankings/koc-university,koc-university,http://www.wikidata.org/entity/Q1193155,grid.15876.3d,
276-300,Macquarie University,Australia,-,20.9,23.8,54.2,37.9,91.1,-,20.9,23.8,54.2,/world-university-rankings/macquarie-university,macquarie-university,http://www.wikidata.org/entity/Q741082,grid.1004.5,
276-300,Plymouth University,United Kingdom,-,16.4,16.0,75.4,28.9,48.3,-,16.4,16.0,75.4,/world-university-rankings/plymouth-university,plymouth-university,http://www.wikidata.org/entity/Q1711558,grid.11201.33,
276-300,Polytechnic University of Milan,Italy,-,28.6,25.0,56.3,75.9,36.4,-,28.6,25.0,56.3,/world-university-rankings/polytechnic-university-milan,polytechnic-university-milan,http://www.wikidata.org/entity/Q392904,grid.4643.5,
276-300,Queensland University of Technology,Australia,-,26.6,32.3,44.0,65.3,67.9,-,26.6,32.3,44.0,/world-university-rankings/queensland-university-technology,queensland-university-technology,http://www.wikidata.org/entity/Q1144750,grid.1024.7,
276-300,Tokyo Medical and Dental University (TMDU),Japan,-,43.3,21.1,52.0,46.6,22.0,-,43.3,21.1,52.0,/world-university-rankings/tokyo-medical-and-dental-university-tmdu,tokyo-medical-and-dental-university-tmdu,http://www.wikidata.org/entity/Q3180921,grid.265073.5,
276-300,University College Cork,Ireland,-,27.2,20.1,56.8,50.0,67.1,-,27.2,20.1,56.8,/world-university-rankings/university-college-cork,university-college-cork,http://www.wikidata.org/entity/Q1574185,grid.7872.a,
276-300,University of Alaska Fairbanks,United States,-,26.1,25.5,57.4,52.5,38.2,-,26.1,25.5,57.4,/world-university-rankings/university-alaska-fairbanks,university-alaska-fairbanks,http://www.wikidata.org/entity/Q1285262,grid.70738.3b,
276-300,University of Bath,United Kingdom,-,26.7,25.2,50.1,35.0,77.4,-,26.7,25.2,50.1,/world-university-rankings/university-bath,university-bath,http://www.wikidata.org/entity/Q1422458,grid.7340.0,
276-300,University of Bologna,Italy,-,30.7,18.6,64.2,33.5,40.7,-,30.7,18.6,64.2,/world-university-rankings/university-bologna,university-bologna,http://www.wikidata.org/entity/Q131262,grid.6292.f,
276-300,University of Fribourg,Switzerland,-,25.9,16.3,57.6,30.6,84.5,-,25.9,16.3,57.6,/world-university-rankings/university-fribourg,university-fribourg,http://www.wikidata.org/entity/Q36188,grid.8534.a,
276-300,University of Georgia,United States,-,39.6,28.9,46.1,30.7,35.0,-,39.6,28.9,46.1,/world-university-rankings/university-georgia,university-georgia,http://www.wikidata.org/entity/Q761534,grid.213876.9,
276-300,University of Kansas,United States,-,33.9,19.8,59.9,35.9,33.6,-,33.9,19.8,59.9,/world-university-rankings/university-kansas,university-kansas,http://www.wikidata.org/entity/Q52413,grid.266515.3,
276-300,University of Milan,Italy,-,25.7,19.8,65.5,39.0,35.6,-,25.7,19.8,65.5,/world-university-rankings/university-milan,university-milan,http://www.wikidata.org/entity/Q46210,grid.4708.b,
276-300,University of Montana,United States,-,29.5,15.0,74.6,34.5,22.6,-,29.5,15.0,74.6,/world-university-rankings/university-montana,university-montana,http://www.wikidata.org/entity/Q2302336,grid.253613.0,
276-300,University of South Florida,United States,-,24.1,31.1,52.4,95.0,38.5,-,24.1,31.1,52.4,/world-university-rankings/university-south-florida,university-south-florida,http://www.wikidata.org/entity/Q500606,grid.170693.a,
276-300,University of Southern Denmark,Denmark,-,18.5,18.3,64.7,70.9,66.4,-,18.5,18.3,64.7,/world-university-rankings/university-southern-denmark,university-southern-denmark,http://www.wikidata.org/entity/Q2166335,grid.10825.3e,
276-300,University of Wollongong,Australia,-,22.8,25.2,49.1,59.6,83.9,-,22.8,25.2,49.1,/world-university-rankings/university-wollongong,university-wollongong,http://www.wikidata.org/entity/Q1350021,grid.1007.6,
276-300,Victoria University of Wellington,New Zealand,-,19.7,27.7,52.9,46.4,82.9,-,19.7,27.7,52.9,/world-university-rankings/victoria-university-wellington,victoria-university-wellington,http://www.wikidata.org/entity/Q1150437,grid.267827.e,
276-300,Virginia Polytechnic Institute and State University,United States,-,33.7,40.4,38.7,42.0,27.5,-,33.7,40.4,38.7,/world-university-rankings/virginia-polytechnic-institute-and-state-university,virginia-polytechnic-institute-and-state-university,http://www.wikidata.org/entity/Q65379,grid.438526.e,
276-300,York University,Canada,-,24.2,28.1,55.5,36.2,55.3,-,24.2,28.1,55.5,/world-university-rankings/york-university,york-university,http://www.wikidata.org/entity/Q849751,grid.21100.32,
301-350,Aalborg University,Denmark,-,20.0,24.5,46.0,39.8,70.8,-,20.0,24.5,46.0,/world-university-rankings/aalborg-university,aalborg-university,http://www.wikidata.org/entity/Q601956,grid.5117.2,
301-350,Aalto University,Finland,-,26.9,17.0,57.4,39.4,64.3,-,26.9,17.0,57.4,/world-university-rankings/aalto-university,aalto-university,http://www.wikidata.org/entity/Q300980,grid.5373.2,
301-350,Aberystwyth University,United Kingdom,-,19.3,17.6,57.5,32.8,65.5,-,19.3,17.6,57.5,/world-university-rankings/aberystwyth-university,aberystwyth-university,http://www.wikidata.org/entity/Q319761,grid.8186.7,
301-350,Autonomous University of Madrid,Spain,-,24.5,19.4,55.0,33.4,46.0,-,24.5,19.4,55.0,/world-university-rankings/autonomous-university-madrid,autonomous-university-madrid,http://www.wikidata.org/entity/Q788091,grid.5515.4,
301-350,Bangor University,United Kingdom,-,20.6,23.2,50.1,30.7,68.8,-,20.6,23.2,50.1,/world-university-rankings/bangor-university,bangor-university,http://www.wikidata.org/entity/Q790029,grid.7362.0,
301-350,Bielefeld University,Germany,-,22.8,17.9,59.9,35.8,46.9,-,22.8,17.9,59.9,/world-university-rankings/bielefeld-university,bielefeld-university,http://www.wikidata.org/entity/Q24382,grid.7491.b,
301-350,Claude Bernard University Lyon 1,France,-,21.2,16.3,61.4,33.3,50.6,-,21.2,16.3,61.4,/world-university-rankings/claude-bernard-university-lyon-1,claude-bernard-university-lyon-1,http://www.wikidata.org/entity/Q4032,grid.7849.2,
301-350,Deakin University,Australia,-,16.6,18.7,54.2,31.1,73.4,-,16.6,18.7,54.2,/world-university-rankings/deakin-university,deakin-university,http://www.wikidata.org/entity/Q1180978,grid.1021.2,
301-350,Drexel University,United States,-,33.9,15.0,56.2,32.5,38.2,-,33.9,15.0,56.2,/world-university-rankings/drexel-university,drexel-university,http://www.wikidata.org/entity/Q603034,grid.166341.7,
301-350,Heriot-Watt University,United Kingdom,-,24.7,20.8,39.0,44.3,87.8,-,24.7,20.8,39.0,/world-university-rankings/heriot-watt-university,heriot-watt-university,http://www.wikidata.org/entity/Q1610024,grid.9531.e,
301-350,Hokkaido University,Japan,-,41.0,28.3,32.3,44.2,24.6,-,41.0,28.3,32.3,/world-university-rankings/hokkaido-university,hokkaido-university,http://www.wikidata.org/entity/Q1057199,grid.39158.36,
301-350,Hong Kong Baptist University,Hong Kong,-,20.7,13.9,65.3,30.2,59.5,-,20.7,13.9,65.3,/world-university-rankings/hong-kong-baptist-university,hong-kong-baptist-university,http://www.wikidata.org/entity/Q603686,grid.221309.b,
301-350,Kansas State University,United States,-,26.1,15.5,57.4,38.7,34.1,-,26.1,15.5,57.4,/world-university-rankings/kansas-state-university,kansas-state-university,http://www.wikidata.org/entity/Q31249,grid.36567.31,
301-350,Keele University,United Kingdom,-,19.4,19.4,58.7,30.4,71.2,-,19.4,19.4,58.7,/world-university-rankings/keele-university,keele-university,http://www.wikidata.org/entity/Q1737734,grid.9757.c,
301-350,King Mongkut’s University of Technology Thonburi,Thailand,-,13.0,10.5,75.4,62.2,24.4,-,13.0,10.5,75.4,/world-university-rankings/king-mongkuts-university-technology-thonburi,king-mongkuts-university-technology-thonburi,http://www.wikidata.org/entity/Q476521,grid.412151.2,
301-350,Kyushu University,Japan,-,38.6,28.0,30.9,75.0,24.5,-,38.6,28.0,30.9,/world-university-rankings/kyushu-university,kyushu-university,http://www.wikidata.org/entity/Q1188786,grid.177174.3,
301-350,Lehigh University,United States,-,28.9,16.0,53.7,39.7,35.7,-,28.9,16.0,53.7,/world-university-rankings/lehigh-university,lehigh-university,http://www.wikidata.org/entity/Q622137,grid.259029.5,
301-350,Linköping University,Sweden,-,20.6,26.0,55.6,-,50.2,-,20.6,26.0,55.6,/world-university-rankings/linkoping-university,linkoping-university,http://www.wikidata.org/entity/Q782600,grid.5640.7,
301-350,Murdoch University,Australia,-,16.7,16.0,51.7,49.9,86.4,-,16.7,16.0,51.7,/world-university-rankings/murdoch-university,murdoch-university,http://www.wikidata.org/entity/Q1375146,grid.1025.6,
301-350,National Cheng Kung University (NCKU),Taiwan,-,31.5,40.7,27.6,100.0,24.9,-,31.5,40.7,27.6,/world-university-rankings/national-cheng-kung-university-ncku,national-cheng-kung-university-ncku,http://www.wikidata.org/entity/Q706708,grid.64523.36,
301-350,National Sun Yat-Sen University,Taiwan,-,27.3,32.6,43.2,45.0,22.1,-,27.3,32.6,43.2,/world-university-rankings/national-sun-yat-sen-university,national-sun-yat-sen-university,http://www.wikidata.org/entity/Q32751,grid.412036.2,
301-350,"National University of Ireland, Galway",Ireland,-,24.5,21.0,50.6,45.7,69.5,-,24.5,21.0,50.6,/world-university-rankings/national-university-ireland-galway,national-university-ireland-galway,http://www.wikidata.org/entity/Q644478,grid.6142.1,
301-350,Oregon State University,United States,-,25.7,19.7,63.5,31.6,35.4,-,25.7,19.7,63.5,/world-university-rankings/oregon-state-university,oregon-state-university,http://www.wikidata.org/entity/Q861888,grid.4391.f,
301-350,Sapienza University of Rome,Italy,-,27.0,25.2,48.2,36.3,36.3,-,27.0,25.2,48.2,/world-university-rankings/sapienza-university-rome,sapienza-university-rome,http://www.wikidata.org/entity/Q209344,grid.7841.a,
301-350,Shanghai Jiao Tong University,China,-,35.7,31.8,32.3,79.2,22.8,-,35.7,31.8,32.3,/world-university-rankings/shanghai-jiao-tong-university,shanghai-jiao-tong-university,http://www.wikidata.org/entity/Q525169,grid.16821.3c,
301-350,State University of New York Albany,United States,-,23.8,26.2,58.7,-,33.9,-,23.8,26.2,58.7,/world-university-rankings/state-university-new-york-albany,state-university-new-york-albany,,grid.265850.c,103.0
301-350,Stellenbosch University,South Africa,-,24.7,29.3,47.1,95.9,46.7,-,24.7,29.3,47.1,/world-university-rankings/stellenbosch-university,stellenbosch-university,http://www.wikidata.org/entity/Q1066492,grid.11956.3a,
301-350,Umeå University,Sweden,-,19.8,29.6,53.1,30.5,50.1,-,19.8,29.6,53.1,/world-university-rankings/umea-university,umea-university,http://www.wikidata.org/entity/Q1144565,grid.12650.30,
301-350,University of Bayreuth,Germany,-,22.8,12.7,66.0,-,54.1,-,22.8,12.7,66.0,/world-university-rankings/university-bayreuth,university-bayreuth,http://www.wikidata.org/entity/Q702482,grid.7384.8,
301-350,University of Campinas,Brazil,-,41.3,37.5,27.9,49.0,19.0,-,41.3,37.5,27.9,/world-university-rankings/university-campinas,university-campinas,,grid.411087.b,103.0
301-350,University of Canterbury,New Zealand,-,18.2,24.4,51.6,52.3,88.0,-,18.2,24.4,51.6,/world-university-rankings/university-canterbury,university-canterbury,http://www.wikidata.org/entity/Q432475,grid.21006.35,
301-350,University of Connecticut,United States,-,36.1,22.8,49.9,31.7,38.7,-,36.1,22.8,49.9,/world-university-rankings/university-connecticut,university-connecticut,http://www.wikidata.org/entity/Q49206,grid.63054.34,
301-350,University of Crete,Greece,-,18.2,16.6,65.6,35.0,47.1,-,18.2,16.6,65.6,/world-university-rankings/university-crete,university-crete,http://www.wikidata.org/entity/Q2302473,grid.8127.c,
301-350,University of Eastern Finland,Finland,-,23.8,18.6,56.1,33.4,39.7,-,23.8,18.6,56.1,/world-university-rankings/university-eastern-finland,university-eastern-finland,http://www.wikidata.org/entity/Q2093139,grid.9668.1,
301-350,University of Hertfordshire,United Kingdom,-,14.1,10.2,66.9,30.3,81.1,-,14.1,10.2,66.9,/world-university-rankings/university-hertfordshire,university-hertfordshire,http://www.wikidata.org/entity/Q1745633,grid.5846.f,
301-350,University of Houston,United States,-,37.0,23.8,42.4,36.9,31.5,-,37.0,23.8,42.4,/world-university-rankings/university-houston,university-houston,http://www.wikidata.org/entity/Q1472358,grid.266436.3,
301-350,University of Liège,Belgium,-,25.1,16.4,47.0,60.7,67.1,-,25.1,16.4,47.0,/world-university-rankings/university-liege,university-liege,http://www.wikidata.org/entity/Q1334582,grid.4861.b,
301-350,University of Manitoba,Canada,-,30.8,29.3,45.1,52.8,40.0,-,30.8,29.3,45.1,/world-university-rankings/university-manitoba,university-manitoba,http://www.wikidata.org/entity/Q1191833,grid.21613.37,
301-350,University of Missouri-Columbia,United States,-,32.6,31.4,44.9,31.1,28.9,-,32.6,31.4,44.9,/world-university-rankings/university-missouri-columbia,university-missouri-columbia,,grid.134936.a,103.0
301-350,University of Padua,Italy,-,19.3,17.3,70.4,32.0,38.9,-,19.3,17.3,70.4,/world-university-rankings/university-padua,university-padua,http://www.wikidata.org/entity/Q193510,grid.5608.b,
301-350,University of Pisa,Italy,-,20.3,18.1,64.2,41.7,35.0,-,20.3,18.1,64.2,/world-university-rankings/university-pisa,university-pisa,http://www.wikidata.org/entity/Q645663,grid.5395.a,
301-350,University of Salento,Italy,-,31.0,20.4,48.2,51.2,37.4,-,31.0,20.4,48.2,/world-university-rankings/university-salento,university-salento,http://www.wikidata.org/entity/Q1230902,grid.9906.6,
301-350,University of South Australia,Australia,-,22.5,21.8,40.2,83.2,80.0,-,22.5,21.8,40.2,/world-university-rankings/university-south-australia,university-south-australia,http://www.wikidata.org/entity/Q15576,grid.1026.5,
301-350,University of Tampere,Finland,-,23.1,22.2,52.3,45.6,33.9,-,23.1,22.2,52.3,/world-university-rankings/university-tampere,university-tampere,http://www.wikidata.org/entity/Q1544881,grid.5509.9,
301-350,University of Technology Sydney,Australia,-,22.1,22.0,47.8,36.4,87.3,-,22.1,22.0,47.8,/world-university-rankings/university-technology-sydney,university-technology-sydney,http://www.wikidata.org/entity/Q1145731,grid.117476.2,
301-350,University of Tsukuba,Japan,-,36.6,20.9,48.9,35.3,32.6,-,36.6,20.9,48.9,/world-university-rankings/university-tsukuba,university-tsukuba,http://www.wikidata.org/entity/Q743615,grid.20515.33,
301-350,University of Vermont,United States,-,26.6,19.3,57.4,-,21.0,-,26.6,19.3,57.4,/world-university-rankings/university-vermont,university-vermont,http://www.wikidata.org/entity/Q1048898,grid.59062.38,
301-350,University of Waikato,New Zealand,-,18.4,18.1,56.9,46.3,82.4,-,18.4,18.1,56.9,/world-university-rankings/university-waikato,university-waikato,http://www.wikidata.org/entity/Q606140,grid.49481.30,
301-350,University of Warsaw,Poland,-,18.7,14.3,71.1,28.3,42.8,-,18.7,14.3,71.1,/world-university-rankings/university-warsaw,university-warsaw,http://www.wikidata.org/entity/Q144488,grid.12847.38,
301-350,Washington State University,United States,-,28.4,26.5,46.1,55.6,35.2,-,28.4,26.5,46.1,/world-university-rankings/washington-state-university,washington-state-university,http://www.wikidata.org/entity/Q597236,grid.30064.31,
301-350,Wayne State University,United States,-,35.3,15.7,59.9,-,28.2,-,35.3,15.7,59.9,/world-university-rankings/wayne-state-university,wayne-state-university,http://www.wikidata.org/entity/Q349055,grid.254444.7,
301-350,Wuhan University of Technology,China,-,14.8,7.8,78.1,58.7,18.9,-,14.8,7.8,78.1,/world-university-rankings/wuhan-university-technology,wuhan-university-technology,http://www.wikidata.org/entity/Q832355,grid.162110.5,
301-350,Zhejiang University,China,-,35.9,32.1,36.5,94.5,21.0,-,35.9,32.1,36.5,/world-university-rankings/zhejiang-university,zhejiang-university,http://www.wikidata.org/entity/Q197543,grid.13402.34,
351-400,Charles Darwin University,Australia,-,17.9,18.6,49.1,35.5,58.9,-,17.9,18.6,49.1,/world-university-rankings/charles-darwin-university,charles-darwin-university,http://www.wikidata.org/entity/Q1064071,grid.1043.6,
351-400,Charles University in Prague,Czech Republic,-,29.1,19.9,43.6,29.0,53.2,-,29.1,19.9,43.6,/world-university-rankings/charles-university-prague,charles-university-prague,http://www.wikidata.org/entity/Q31519,grid.4491.8,
351-400,"China Medical University, Taiwan",Taiwan,-,18.9,28.1,46.2,60.8,20.5,-,18.9,28.1,46.2,/world-university-rankings/china-medical-university-taiwan,china-medical-university-taiwan,http://www.wikidata.org/entity/Q706177,grid.254145.3,
351-400,George Mason University,United States,-,24.5,18.0,54.9,28.8,37.3,-,24.5,18.0,54.9,/world-university-rankings/george-mason-university,george-mason-university,http://www.wikidata.org/entity/Q1411222,grid.22448.38,
351-400,Hanyang University,South Korea,-,30.4,27.7,26.9,55.3,42.9,-,30.4,27.7,26.9,/world-university-rankings/hanyang-university,hanyang-university,http://www.wikidata.org/entity/Q40006,grid.49606.3d,
351-400,Indian Institute of Technology Delhi,India,-,33.8,23.0,38.5,-,15.3,-,33.8,23.0,38.5,/world-university-rankings/indian-institute-technology-delhi,indian-institute-technology-delhi,http://www.wikidata.org/entity/Q1194650,grid.417967.a,
351-400,Indian Institute of Technology Kanpur,India,-,31.3,25.2,41.8,42.4,17.3,-,31.3,25.2,41.8,/world-university-rankings/indian-institute-technology-kanpur,indian-institute-technology-kanpur,http://www.wikidata.org/entity/Q782682,grid.417965.8,
351-400,Indian Institute of Technology Kharagpur,India,-,39.3,30.0,35.3,-,14.7,-,39.3,30.0,35.3,/world-university-rankings/indian-institute-technology-kharagpur,indian-institute-technology-kharagpur,http://www.wikidata.org/entity/Q1661243,grid.429017.9,
351-400,Indian Institute of Technology Roorkee,India,-,25.1,12.3,53.6,64.8,15.6,-,25.1,12.3,53.6,/world-university-rankings/indian-institute-technology-roorkee,indian-institute-technology-roorkee,http://www.wikidata.org/entity/Q3366382,grid.19003.3b,
351-400,Johannes Kepler University of Linz,Austria,-,20.0,15.3,51.0,41.9,57.7,-,20.0,15.3,51.0,/world-university-rankings/johannes-kepler-university-linz,johannes-kepler-university-linz,http://www.wikidata.org/entity/Q682739,grid.9970.7,
351-400,King Abdulaziz University,Saudi Arabia,-,18.2,9.4,58.2,39.7,74.3,-,18.2,9.4,58.2,/world-university-rankings/king-abdulaziz-university,king-abdulaziz-university,http://www.wikidata.org/entity/Q1795928,grid.412125.1,
351-400,King Saud University,Saudi Arabia,-,21.4,21.1,32.3,93.9,72.2,-,21.4,21.1,32.3,/world-university-rankings/king-saud-university,king-saud-university,http://www.wikidata.org/entity/Q1752043,grid.56302.32,
351-400,Leibniz University of Hanover,Germany,-,30.9,15.4,39.5,42.7,47.2,-,30.9,15.4,39.5,/world-university-rankings/leibniz-university-hanover,leibniz-university-hanover,http://www.wikidata.org/entity/Q678982,grid.9122.8,
351-400,Liverpool John Moores University,United Kingdom,-,14.9,12.5,57.5,28.8,58.1,-,14.9,12.5,57.5,/world-university-rankings/liverpool-john-moores-university,liverpool-john-moores-university,http://www.wikidata.org/entity/Q1627967,grid.4425.7,
351-400,Loughborough University,United Kingdom,-,30.5,27.9,22.8,42.6,65.4,-,30.5,27.9,22.8,/world-university-rankings/loughborough-university,loughborough-university,http://www.wikidata.org/entity/Q1434547,grid.6571.5,
351-400,Maynooth University,Ireland,-,24.9,20.9,34.6,33.0,70.3,-,24.9,20.9,34.6,/world-university-rankings/maynooth-university,maynooth-university,http://www.wikidata.org/entity/Q2601879,grid.95004.38,
351-400,National Central University,Taiwan,-,22.6,22.1,46.2,83.9,34.5,-,22.6,22.1,46.2,/world-university-rankings/national-central-university,national-central-university,http://www.wikidata.org/entity/Q714891,grid.37589.30,
351-400,National Taiwan University of Science and Technology (Taiwan Tech),Taiwan,-,25.5,40.4,33.0,47.9,21.6,-,25.5,40.4,33.0,/world-university-rankings/national-taiwan-university-science-and-technology-taiwan-tech,national-taiwan-university-science-and-technology-taiwan-tech,http://www.wikidata.org/entity/Q699543,grid.45907.3f,
351-400,Old Dominion University,United States,-,21.3,14.3,58.7,-,30.2,-,21.3,14.3,58.7,/world-university-rankings/old-dominion-university,old-dominion-university,http://www.wikidata.org/entity/Q1474100,grid.261368.8,
351-400,Polytechnic University of Valencia,Spain,-,20.9,13.1,59.0,39.8,28.2,-,20.9,13.1,59.0,/world-university-rankings/polytechnic-university-valencia,polytechnic-university-valencia,http://www.wikidata.org/entity/Q2003976,grid.157927.f,
351-400,Ruhr University Bochum,Germany,-,27.8,20.9,42.0,45.2,50.9,-,27.8,20.9,42.0,/world-university-rankings/ruhr-university-bochum,ruhr-university-bochum,http://www.wikidata.org/entity/Q309948,grid.5570.7,
351-400,San Diego State University,United States,-,15.0,23.1,61.1,29.2,22.2,-,15.0,23.1,61.1,/world-university-rankings/san-diego-state-university,san-diego-state-university,http://www.wikidata.org/entity/Q913861,grid.263081.e,
351-400,Sun Yat-sen University,China,-,29.4,18.2,48.1,43.4,25.5,-,29.4,18.2,48.1,/world-university-rankings/sun-yat-sen-university,sun-yat-sen-university,http://www.wikidata.org/entity/Q178972,grid.12981.33,
351-400,Swinburne University of Technology,Australia,-,17.0,19.4,49.1,46.7,68.5,-,17.0,19.4,49.1,/world-university-rankings/swinburne-university-technology,swinburne-university-technology,http://www.wikidata.org/entity/Q787234,grid.1027.4,
351-400,Temple University,United States,-,35.4,15.0,42.4,-,22.4,-,35.4,15.0,42.4,/world-university-rankings/temple-university,temple-university,http://www.wikidata.org/entity/Q1420239,grid.264727.2,
351-400,UiT The Arctic University of Norway,Norway,-,20.3,15.8,54.2,39.2,59.6,-,20.3,15.8,54.2,/world-university-rankings/uit-arctic-university-norway,uit-arctic-university-norway,http://www.wikidata.org/entity/Q279724,grid.10919.30,
351-400,University of Bari Aldo Moro,Italy,-,26.8,21.1,48.2,34.9,34.7,-,26.8,21.1,48.2,/world-university-rankings/university-bari-aldo-moro,university-bari-aldo-moro,http://www.wikidata.org/entity/Q1236136,grid.7644.1,
351-400,University of Duisburg-Essen,Germany,-,20.4,12.0,59.9,41.7,47.7,-,20.4,12.0,59.9,/world-university-rankings/university-duisburg-essen,university-duisburg-essen,http://www.wikidata.org/entity/Q696757,grid.5718.b,
351-400,University of Ferrara,Italy,-,15.4,14.4,64.2,38.5,38.6,-,15.4,14.4,64.2,/world-university-rankings/university-ferrara,university-ferrara,http://www.wikidata.org/entity/Q955609,grid.8484.0,
351-400,University of Florence,Italy,-,17.7,13.2,57.7,34.2,37.3,-,17.7,13.2,57.7,/world-university-rankings/university-florence,university-florence,http://www.wikidata.org/entity/Q820887,grid.8404.8,
351-400,University of Graz,Austria,-,24.6,14.4,51.0,29.5,59.9,-,24.6,14.4,51.0,/world-university-rankings/university-graz,university-graz,http://www.wikidata.org/entity/Q622683,grid.5110.5,
351-400,University of Guelph,Canada,-,20.6,22.6,45.1,47.8,39.1,-,20.6,22.6,45.1,/world-university-rankings/university-guelph,university-guelph,,grid.34429.38,101.0
351-400,University of Jyväskylä,Finland,-,27.5,16.3,47.2,-,42.8,-,27.5,16.3,47.2,/world-university-rankings/university-jyvaskyla,university-jyvaskyla,http://www.wikidata.org/entity/Q578326,grid.9681.6,
351-400,"University of Maryland, Baltimore County",United States,-,16.9,15.0,65.9,32.6,34.4,-,16.9,15.0,65.9,/world-university-rankings/university-maryland-baltimore-county,university-maryland-baltimore-county,http://www.wikidata.org/entity/Q735049,grid.266673.0,
351-400,University of Minho,Portugal,-,17.2,18.6,50.3,37.4,46.9,-,17.2,18.6,50.3,/world-university-rankings/university-minho,university-minho,http://www.wikidata.org/entity/Q29673,grid.10328.38,
351-400,University of Navarra,Spain,-,27.3,23.4,33.7,86.2,45.7,-,27.3,23.4,33.7,/world-university-rankings/university-navarra,university-navarra,http://www.wikidata.org/entity/Q926068,grid.5924.a,
351-400,University of Oklahoma,United States,-,34.1,14.7,46.1,35.2,26.7,-,34.1,14.7,46.1,/world-university-rankings/university-oklahoma,university-oklahoma,http://www.wikidata.org/entity/Q640652,grid.266900.b,
351-400,University of Porto,Portugal,-,20.5,17.8,47.6,36.7,43.9,-,20.5,17.8,47.6,/world-university-rankings/university-porto,university-porto,http://www.wikidata.org/entity/Q1422903,grid.5808.5,
351-400,University of Portsmouth,United Kingdom,-,13.7,11.8,56.3,29.1,73.3,-,13.7,11.8,56.3,/world-university-rankings/university-portsmouth,university-portsmouth,http://www.wikidata.org/entity/Q2744209,grid.4701.2,
351-400,University of Rovira i Virgili,Spain,-,19.0,13.6,64.2,30.6,34.3,-,19.0,13.6,64.2,/world-university-rankings/university-rovira-i-virgili,university-rovira-i-virgili,http://www.wikidata.org/entity/Q3133193,grid.410367.7,
351-400,University of Stirling,United Kingdom,-,19.0,22.6,50.1,30.3,62.8,-,19.0,22.6,50.1,/world-university-rankings/university-stirling,university-stirling,http://www.wikidata.org/entity/Q963530,grid.11918.30,
351-400,University of Surrey,United Kingdom,-,31.1,22.7,25.7,40.3,83.5,-,31.1,22.7,25.7,/world-university-rankings/university-surrey,university-surrey,http://www.wikidata.org/entity/Q546976,grid.5475.3,
351-400,University of Tartu,Estonia,-,20.3,21.2,46.2,30.3,43.7,-,20.3,21.2,46.2,/world-university-rankings/university-tartu,university-tartu,http://www.wikidata.org/entity/Q204181,grid.10939.32,
351-400,University of Tasmania,Australia,-,18.7,16.7,49.1,36.9,69.9,-,18.7,16.7,49.1,/world-university-rankings/university-tasmania,university-tasmania,http://www.wikidata.org/entity/Q962011,grid.1009.8,
351-400,University of Valencia,Spain,-,16.6,12.4,59.0,31.7,39.3,-,16.6,12.4,59.0,/world-university-rankings/university-valencia,university-valencia,http://www.wikidata.org/entity/Q383568,grid.5338.d,
351-400,University of Vigo,Spain,-,19.7,10.7,62.9,38.2,25.9,-,19.7,10.7,62.9,/world-university-rankings/university-vigo,university-vigo,http://www.wikidata.org/entity/Q666916,grid.6312.6,
351-400,University of Wyoming,United States,-,18.9,28.6,46.1,29.6,29.7,-,18.9,28.6,46.1,/world-university-rankings/university-wyoming,university-wyoming,,grid.135963.b,101.0
